,course,Users per course,Start Date,End Date,Course duration days,cuttoff_point
0,1000.0,12.0,2014-08-31,2015-01-19,142.0,2014-08-24
1,1002.0,22.0,2014-09-28,2015-03-04,158.0,2014-09-21
2,1010.0,48.0,2014-09-11,2014-12-22,103.0,2014-09-04
3,1013.0,71.0,2014-09-23,2015-02-02,133.0,2014-09-16
4,1020.0,64.0,2015-01-11,2015-06-04,145.0,2015-01-04
5,1024.0,78.0,2015-01-25,2015-06-29,156.0,2015-01-18
6,1026.0,112.0,2014-09-16,2015-01-26,133.0,2014-09-09
7,1027.0,55.0,2015-02-16,2015-05-27,101.0,2015-02-09
8,1031.0,13.0,2014-11-17,2015-05-28,193.0,2014-11-10
9,1039.0,91.0,2015-03-08,2015-06-25,110.0,2015-03-01
10,1043.0,18.0,2014-10-01,2015-06-24,267.0,2014-09-24
11,1044.0,74.0,2015-01-22,2015-06-29,159.0,2015-01-15
12,1048.0,44.0,2015-01-22,2015-06-10,140.0,2015-01-15
13,1051.0,32.0,2015-01-12,2015-06-03,143.0,2015-01-05
14,1055.0,9.0,2015-01-26,2015-05-17,112.0,2015-01-19
15,1058.0,11.0,2015-02-05,2015-05-14,99.0,2015-01-29
16,1059.0,135.0,2015-01-18,2015-06-01,135.0,2015-01-11
17,1062.0,31.0,2015-01-23,2015-05-26,124.0,2015-01-16
18,1064.0,8.0,2014-09-10,2015-07-05,299.0,2014-09-03
19,1065.0,80.0,2015-01-22,2015-06-27,157.0,2015-01-15
20,1069.0,3.0,2015-02-04,2015-06-28,145.0,2015-01-28
21,1073.0,129.0,2015-01-20,2015-05-13,114.0,2015-01-13
22,1075.0,22.0,2015-02-02,2015-06-10,129.0,2015-01-26
23,1077.0,26.0,2015-02-04,2015-05-26,112.0,2015-01-28
24,1081.0,16.0,2014-10-15,2015-01-13,91.0,2014-10-08
25,1087.0,31.0,2015-01-26,2015-05-21,116.0,2015-01-19
26,1088.0,18.0,2014-09-08,2015-01-08,123.0,2014-09-01
27,1090.0,52.0,2014-11-09,2015-01-27,80.0,2014-11-02
28,1093.0,15.0,2014-09-08,2015-01-03,118.0,2014-09-01
29,1097.0,13.0,2015-02-22,2015-06-16,115.0,2015-02-15
30,1104.0,95.0,2015-01-22,2015-06-23,153.0,2015-01-15
31,1105.0,25.0,2014-09-25,2014-12-18,85.0,2014-09-18
32,1106.0,82.0,2014-09-02,2015-01-14,135.0,2014-08-26
33,1108.0,38.0,2014-09-02,2015-01-13,134.0,2014-08-26
34,1112.0,199.0,2015-01-18,2015-05-27,130.0,2015-01-11
35,1114.0,51.0,2015-01-25,2015-06-10,137.0,2015-01-18
36,1115.0,35.0,2015-02-06,2015-05-25,109.0,2015-01-30
37,1123.0,47.0,2015-01-07,2015-05-12,126.0,2014-12-31
38,1127.0,91.0,2015-04-20,2015-06-22,64.0,2015-04-13
39,1131.0,115.0,2014-12-02,2015-06-09,190.0,2014-11-25
40,1133.0,41.0,2015-01-25,2015-05-23,119.0,2015-01-18
41,1137.0,47.0,2015-02-04,2015-05-18,104.0,2015-01-28
42,1142.0,59.0,2015-01-25,2015-06-26,153.0,2015-01-18
43,1143.0,85.0,2015-01-22,2015-06-05,135.0,2015-01-15
44,1146.0,6.0,2015-03-15,2015-05-18,65.0,2015-03-08
45,1151.0,16.0,2015-01-22,2015-05-13,112.0,2015-01-15
46,1154.0,15.0,2014-09-09,2015-01-18,132.0,2014-09-02
47,1156.0,55.0,2014-09-10,2015-01-20,133.0,2014-09-03
48,1159.0,62.0,2014-09-09,2014-12-29,112.0,2014-09-02
49,1163.0,28.0,2015-01-29,2015-05-08,100.0,2015-01-22
50,1167.0,63.0,2014-09-09,2015-06-29,294.0,2014-09-02
51,1170.0,79.0,2014-09-07,2015-01-07,123.0,2014-08-31
52,1173.0,23.0,2015-02-01,2015-05-19,108.0,2015-01-25
53,1177.0,129.0,2014-09-08,2015-01-14,129.0,2014-09-01
54,1180.0,10.0,2015-01-26,2015-05-24,119.0,2015-01-19
55,1193.0,73.0,2014-10-21,2015-05-11,203.0,2014-10-14
56,1194.0,99.0,2015-01-11,2015-05-14,124.0,2015-01-04
57,1195.0,6.0,2014-09-10,2015-01-09,122.0,2014-09-03
58,1200.0,107.0,2014-09-10,2015-01-24,137.0,2014-09-03
59,1201.0,78.0,2014-09-08,2015-01-26,141.0,2014-09-01
60,1215.0,28.0,2014-09-08,2015-01-19,134.0,2014-09-01
61,1217.0,26.0,2014-10-14,2015-01-07,86.0,2014-10-07
62,1222.0,29.0,2014-09-17,2015-01-21,127.0,2014-09-10
63,1225.0,23.0,2014-09-07,2015-01-22,138.0,2014-08-31
64,1231.0,33.0,2014-09-08,2015-02-06,152.0,2014-09-01
65,1232.0,6.0,2014-09-10,2014-12-21,103.0,2014-09-03
66,1233.0,81.0,2015-02-12,2015-05-14,92.0,2015-02-05
67,1236.0,8.0,2014-09-10,2015-01-10,123.0,2014-09-03
68,1244.0,11.0,2014-09-15,2015-01-16,124.0,2014-09-08
69,1248.0,10.0,2014-09-15,2015-01-15,123.0,2014-09-08
70,1267.0,23.0,2014-09-08,2015-01-26,141.0,2014-09-01
71,1268.0,39.0,2014-09-08,2015-01-26,141.0,2014-09-01
72,1288.0,51.0,2014-09-08,2015-01-25,140.0,2014-09-01
73,1294.0,49.0,2014-09-03,2014-12-30,119.0,2014-08-27
74,1298.0,11.0,2014-09-15,2015-01-15,123.0,2014-09-08
75,1300.0,26.0,2014-09-08,2015-01-21,136.0,2014-09-01
76,1303.0,118.0,2015-02-22,2015-06-02,101.0,2015-02-15
77,1305.0,85.0,2015-03-04,2015-05-25,83.0,2015-02-25
78,1308.0,25.0,2014-09-08,2014-12-12,96.0,2014-09-01
79,1309.0,19.0,2014-09-08,2015-01-19,134.0,2014-09-01
80,1313.0,118.0,2014-09-08,2015-01-10,125.0,2014-09-01
81,1314.0,29.0,2014-09-01,2015-01-23,145.0,2014-08-25
82,1317.0,24.0,2014-09-10,2015-01-10,123.0,2014-09-03
83,1318.0,50.0,2014-10-19,2014-12-18,61.0,2014-10-12
84,1321.0,13.0,2014-09-09,2015-01-19,133.0,2014-09-02
85,1328.0,47.0,2014-09-02,2015-01-26,147.0,2014-08-26
86,1331.0,54.0,2014-09-04,2015-01-13,132.0,2014-08-28
87,1338.0,66.0,2014-09-30,2014-12-19,81.0,2014-09-23
88,1341.0,25.0,2014-09-11,2015-01-09,121.0,2014-09-04
89,1345.0,136.0,2014-09-08,2015-01-21,136.0,2014-09-01
90,1356.0,90.0,2015-04-10,2015-05-29,50.0,2015-04-03
91,1357.0,31.0,2014-09-04,2015-01-20,139.0,2014-08-28
92,1363.0,126.0,2014-09-23,2014-12-18,87.0,2014-09-16
93,1365.0,37.0,2015-01-24,2015-06-15,143.0,2015-01-17
94,1368.0,11.0,2014-10-30,2014-12-18,50.0,2014-10-23
95,1369.0,8.0,2014-09-08,2015-01-19,134.0,2014-09-01
96,1371.0,35.0,2014-09-08,2015-01-21,136.0,2014-09-01
97,1376.0,90.0,2014-09-04,2015-01-13,132.0,2014-08-28
98,1378.0,73.0,2014-09-04,2015-01-11,130.0,2014-08-28
99,1380.0,64.0,2014-09-10,2015-06-01,265.0,2014-09-03
100,1385.0,61.0,2015-01-21,2015-05-29,129.0,2015-01-14
101,1408.0,1.0,2014-10-22,2015-05-21,212.0,2014-10-15
102,1466.0,2.0,2015-01-29,2015-05-27,119.0,2015-01-22
103,1675.0,1.0,2014-11-06,2015-07-02,239.0,2014-10-30
104,1686.0,2.0,2015-01-18,2015-07-06,170.0,2015-01-11
105,174.0,96.0,2014-09-08,2015-01-08,123.0,2014-09-01
106,177.0,97.0,2015-01-28,2015-06-11,135.0,2015-01-21
107,1781.0,19.0,2014-09-01,2015-07-03,306.0,2014-08-25
108,1797.0,19.0,2015-01-14,2015-04-29,106.0,2015-01-07
109,18.0,15.0,2014-09-03,2015-01-19,139.0,2014-08-27
110,1807.0,6.0,2015-01-07,2015-05-05,119.0,2014-12-31
111,1814.0,54.0,2015-01-06,2015-02-07,33.0,2014-12-30
112,1816.0,7.0,2014-09-18,2014-11-18,62.0,2014-09-11
113,1821.0,14.0,2014-09-15,2015-01-25,133.0,2014-09-08
114,1830.0,7.0,2015-01-25,2015-04-21,87.0,2015-01-18
115,1831.0,14.0,2015-01-06,2015-05-22,137.0,2014-12-30
116,1832.0,55.0,2014-09-30,2015-01-26,119.0,2014-09-23
117,1839.0,3.0,2014-09-10,2015-04-29,232.0,2014-09-03
118,1840.0,58.0,2015-01-06,2015-05-26,141.0,2014-12-30
119,1870.0,2.0,2014-11-02,2015-02-01,92.0,2014-10-26
120,1880.0,16.0,2014-09-28,2014-12-30,94.0,2014-09-21
121,1885.0,18.0,2014-10-18,2015-01-16,91.0,2014-10-11
122,1886.0,17.0,2015-01-29,2015-06-10,133.0,2015-01-22
123,190.0,113.0,2014-09-01,2015-01-18,140.0,2014-08-25
124,1900.0,17.0,2014-09-16,2015-03-06,172.0,2014-09-09
125,1901.0,17.0,2014-10-05,2015-06-16,255.0,2014-09-28
126,191.0,75.0,2014-09-04,2015-01-06,125.0,2014-08-28
127,1936.0,3.0,2015-01-14,2015-05-14,121.0,2015-01-07
128,1938.0,18.0,2015-01-14,2015-05-19,126.0,2015-01-07
129,1943.0,6.0,2015-01-14,2015-05-12,119.0,2015-01-07
130,1954.0,57.0,2015-01-24,2015-05-28,125.0,2015-01-17
131,1972.0,25.0,2014-12-30,2015-05-28,150.0,2014-12-23
132,1983.0,15.0,2015-01-22,2015-05-13,112.0,2015-01-15
133,1990.0,69.0,2015-03-21,2015-05-10,51.0,2015-03-14
134,1997.0,96.0,2014-12-18,2015-05-18,152.0,2014-12-11
135,2003.0,31.0,2014-09-09,2014-11-19,72.0,2014-09-02
136,2007.0,233.0,2014-09-02,2014-12-31,121.0,2014-08-26
137,2019.0,87.0,2014-09-04,2015-01-05,124.0,2014-08-28
138,2020.0,50.0,2015-01-20,2015-06-18,150.0,2015-01-13
139,2024.0,327.0,2015-01-11,2015-06-03,144.0,2015-01-04
140,2026.0,31.0,2015-01-11,2015-06-21,162.0,2015-01-04
141,2027.0,84.0,2015-01-26,2015-05-21,116.0,2015-01-19
142,2034.0,39.0,2014-09-05,2015-01-10,128.0,2014-08-29
143,2041.0,72.0,2014-09-04,2015-01-22,141.0,2014-08-28
144,2046.0,112.0,2014-10-22,2015-01-27,98.0,2014-10-15
145,2055.0,88.0,2014-08-31,2015-01-28,151.0,2014-08-24
146,2058.0,83.0,2014-09-04,2015-06-01,271.0,2014-08-28
147,2059.0,507.0,2014-09-25,2015-01-26,124.0,2014-09-18
148,2060.0,72.0,2014-12-08,2015-01-16,40.0,2014-12-01
149,2063.0,129.0,2015-01-25,2015-06-25,152.0,2015-01-18
150,2068.0,68.0,2015-01-20,2015-06-05,137.0,2015-01-13
151,2072.0,62.0,2015-01-22,2015-06-02,132.0,2015-01-15
152,2076.0,55.0,2014-09-16,2015-01-07,114.0,2014-09-09
153,2083.0,97.0,2015-01-22,2015-05-28,127.0,2015-01-15
154,2089.0,26.0,2015-02-24,2015-05-15,81.0,2015-02-17
155,2090.0,57.0,2014-10-06,2015-05-27,234.0,2014-09-29
156,2102.0,52.0,2014-09-08,2015-01-14,129.0,2014-09-01
157,2103.0,69.0,2015-01-24,2015-05-14,111.0,2015-01-17
158,2111.0,69.0,2014-11-09,2015-01-14,67.0,2014-11-02
159,2113.0,38.0,2015-01-19,2015-06-01,134.0,2015-01-12
160,2117.0,28.0,2014-09-11,2015-01-14,126.0,2014-09-04
161,2126.0,101.0,2014-09-02,2015-01-19,140.0,2014-08-26
162,2129.0,17.0,2014-10-14,2015-01-09,88.0,2014-10-07
163,2135.0,55.0,2014-09-08,2015-01-13,128.0,2014-09-01
164,2138.0,70.0,2015-01-21,2015-06-02,133.0,2015-01-14
165,2142.0,65.0,2014-09-03,2015-01-18,138.0,2014-08-27
166,2150.0,103.0,2014-10-26,2015-01-21,88.0,2014-10-19
167,2159.0,21.0,2015-01-20,2015-06-07,139.0,2015-01-13
168,2161.0,29.0,2014-09-17,2015-06-11,268.0,2014-09-10
169,2164.0,87.0,2014-09-02,2015-01-23,144.0,2014-08-26
170,2167.0,114.0,2015-01-22,2015-06-08,138.0,2015-01-15
171,2169.0,26.0,2015-03-09,2015-06-11,95.0,2015-03-02
172,2172.0,15.0,2015-01-24,2015-06-25,153.0,2015-01-17
173,2173.0,24.0,2015-01-21,2015-05-16,116.0,2015-01-14
174,2178.0,122.0,2014-10-02,2015-01-15,106.0,2014-09-25
175,2184.0,57.0,2014-09-08,2015-01-13,128.0,2014-09-01
176,2189.0,122.0,2014-12-13,2015-01-23,42.0,2014-12-06
177,2190.0,64.0,2014-09-23,2014-12-21,90.0,2014-09-16
178,2192.0,50.0,2015-01-24,2015-06-23,151.0,2015-01-17
179,2200.0,48.0,2014-09-07,2015-01-11,127.0,2014-08-31
180,2209.0,48.0,2015-01-26,2015-05-28,123.0,2015-01-19
181,2213.0,87.0,2014-09-08,2015-01-08,123.0,2014-09-01
182,2214.0,39.0,2014-09-16,2015-01-30,137.0,2014-09-09
183,2215.0,62.0,2015-01-19,2015-06-11,144.0,2015-01-12
184,2221.0,55.0,2014-09-07,2015-01-18,134.0,2014-08-31
185,2237.0,62.0,2015-01-25,2015-05-06,102.0,2015-01-18
186,2241.0,19.0,2015-01-28,2015-06-03,127.0,2015-01-21
187,2243.0,109.0,2015-01-25,2015-06-07,134.0,2015-01-18
188,2249.0,30.0,2014-09-08,2015-05-19,254.0,2014-09-01
189,2252.0,50.0,2014-09-08,2015-01-18,133.0,2014-09-01
190,2253.0,41.0,2014-09-08,2015-01-05,120.0,2014-09-01
191,2254.0,16.0,2014-10-05,2015-01-20,108.0,2014-09-28
192,2255.0,42.0,2015-02-18,2015-06-05,108.0,2015-02-11
193,2256.0,42.0,2015-01-28,2015-06-03,127.0,2015-01-21
194,2261.0,79.0,2015-01-22,2015-05-10,109.0,2015-01-15
195,2267.0,54.0,2014-09-08,2015-01-25,140.0,2014-09-01
196,2271.0,642.0,2015-02-01,2015-05-25,114.0,2015-01-25
197,2272.0,73.0,2015-02-11,2015-05-05,84.0,2015-02-04
198,2274.0,73.0,2015-01-28,2015-05-19,112.0,2015-01-21
199,2276.0,48.0,2014-09-09,2015-01-11,125.0,2014-09-02
200,2280.0,69.0,2014-09-17,2015-01-22,128.0,2014-09-10
201,2281.0,56.0,2015-01-24,2015-05-14,111.0,2015-01-17
202,2287.0,109.0,2015-01-28,2015-06-22,146.0,2015-01-21
203,2288.0,256.0,2015-01-26,2015-06-08,134.0,2015-01-19
204,2289.0,9.0,2015-02-02,2015-05-29,117.0,2015-01-26
205,2299.0,17.0,2015-01-25,2015-05-20,116.0,2015-01-18
206,2304.0,15.0,2014-09-04,2015-01-14,133.0,2014-08-28
207,2306.0,55.0,2014-09-17,2015-01-20,126.0,2014-09-10
208,2314.0,41.0,2014-09-09,2015-01-17,131.0,2014-09-02
209,2322.0,13.0,2014-09-23,2015-05-02,222.0,2014-09-16
210,2334.0,43.0,2015-01-22,2015-06-20,150.0,2015-01-15
211,2339.0,67.0,2014-09-08,2015-01-07,122.0,2014-09-01
212,2343.0,51.0,2014-09-04,2015-01-23,142.0,2014-08-28
213,2345.0,63.0,2014-09-18,2015-01-22,127.0,2014-09-11
214,2347.0,64.0,2014-09-15,2015-01-22,130.0,2014-09-08
215,2352.0,25.0,2015-01-27,2015-05-15,109.0,2015-01-20
216,2353.0,59.0,2014-09-16,2015-01-29,136.0,2014-09-09
217,2358.0,66.0,2014-11-01,2015-01-16,77.0,2014-10-25
218,2370.0,61.0,2014-09-07,2015-01-21,137.0,2014-08-31
219,2372.0,74.0,2014-09-03,2015-01-21,141.0,2014-08-27
220,2378.0,92.0,2014-09-03,2015-01-19,139.0,2014-08-27
221,2379.0,26.0,2014-09-08,2014-12-17,101.0,2014-09-01
222,238.0,25.0,2014-09-10,2014-12-05,87.0,2014-09-03
223,2383.0,73.0,2014-09-03,2015-06-02,273.0,2014-08-27
224,2387.0,67.0,2014-09-08,2015-01-13,128.0,2014-09-01
225,2395.0,50.0,2014-10-01,2015-06-05,248.0,2014-09-24
226,2397.0,49.0,2014-09-29,2015-01-14,108.0,2014-09-22
227,240.0,24.0,2015-01-04,2015-02-25,53.0,2014-12-28
228,2405.0,43.0,2014-09-24,2015-01-17,116.0,2014-09-17
229,2406.0,129.0,2014-11-27,2015-01-23,58.0,2014-11-20
230,2407.0,67.0,2014-09-04,2015-01-25,144.0,2014-08-28
231,2408.0,15.0,2014-09-03,2015-01-14,134.0,2014-08-27
232,2411.0,363.0,2015-01-19,2015-06-23,156.0,2015-01-12
233,2412.0,44.0,2014-09-02,2015-01-15,136.0,2014-08-26
234,2415.0,51.0,2014-09-04,2015-01-20,139.0,2014-08-28
235,2418.0,168.0,2014-09-02,2015-01-11,132.0,2014-08-26
236,2419.0,23.0,2014-10-02,2015-01-14,105.0,2014-09-25
237,242.0,26.0,2014-10-26,2015-01-02,69.0,2014-10-19
238,2432.0,81.0,2014-09-08,2015-04-22,227.0,2014-09-01
239,2436.0,25.0,2014-09-08,2015-01-14,129.0,2014-09-01
240,2443.0,11.0,2014-09-21,2015-01-26,128.0,2014-09-14
241,2447.0,15.0,2014-09-07,2015-01-25,141.0,2014-08-31
242,2449.0,27.0,2014-11-05,2014-12-17,43.0,2014-10-29
243,2467.0,63.0,2014-09-07,2015-01-20,136.0,2014-08-31
244,2468.0,80.0,2015-01-29,2015-05-28,120.0,2015-01-22
245,2469.0,18.0,2014-11-30,2015-01-09,41.0,2014-11-23
246,2477.0,32.0,2014-09-08,2015-03-27,201.0,2014-09-01
247,2478.0,114.0,2015-02-01,2015-06-16,136.0,2015-01-25
248,2479.0,8.0,2014-09-10,2015-01-07,120.0,2014-09-03
249,2482.0,70.0,2014-10-22,2015-02-09,111.0,2014-10-15
250,2486.0,49.0,2014-09-08,2015-01-13,128.0,2014-09-01
251,2498.0,72.0,2014-09-09,2015-01-21,135.0,2014-09-02
252,2563.0,85.0,2015-01-29,2015-05-22,114.0,2015-01-22
253,2565.0,36.0,2015-02-08,2015-05-15,97.0,2015-02-01
254,2578.0,127.0,2014-12-10,2015-01-14,36.0,2014-12-03
255,2582.0,56.0,2014-09-24,2014-11-19,57.0,2014-09-17
256,2592.0,83.0,2015-01-25,2015-05-12,108.0,2015-01-18
257,2599.0,89.0,2015-03-25,2015-05-05,42.0,2015-03-18
258,2600.0,122.0,2015-02-01,2015-05-14,103.0,2015-01-25
259,2607.0,261.0,2015-01-25,2015-06-25,152.0,2015-01-18
260,2619.0,67.0,2015-01-29,2015-05-21,113.0,2015-01-22
261,2632.0,83.0,2014-12-18,2015-01-17,31.0,2014-12-11
262,2641.0,33.0,2014-10-08,2015-04-03,178.0,2014-10-01
263,2656.0,36.0,2015-01-20,2015-06-16,148.0,2015-01-13
264,2661.0,22.0,2014-09-03,2015-01-17,137.0,2014-08-27
265,2662.0,28.0,2015-01-25,2015-06-03,130.0,2015-01-18
266,2665.0,22.0,2014-09-03,2015-01-21,141.0,2014-08-27
267,2691.0,14.0,2014-11-04,2015-01-12,70.0,2014-10-28
268,2696.0,10.0,2014-09-10,2015-01-19,132.0,2014-09-03
269,2703.0,11.0,2014-09-03,2015-01-14,134.0,2014-08-27
270,2708.0,23.0,2015-02-08,2015-06-16,129.0,2015-02-01
271,2709.0,9.0,2014-09-09,2015-01-30,144.0,2014-09-02
272,2710.0,7.0,2015-01-28,2015-05-06,99.0,2015-01-21
273,279.0,21.0,2015-03-22,2015-05-25,65.0,2015-03-15
274,284.0,13.0,2014-09-23,2015-01-30,130.0,2014-09-16
275,291.0,5.0,2014-09-15,2014-11-04,51.0,2014-09-08
276,2962.0,4.0,2014-11-02,2015-01-30,90.0,2014-10-26
277,2966.0,14.0,2014-11-06,2014-12-15,40.0,2014-10-30
278,2974.0,11.0,2014-09-21,2015-02-02,135.0,2014-09-14
279,2977.0,4.0,2014-09-21,2015-01-22,124.0,2014-09-14
280,2988.0,17.0,2014-10-07,2015-02-10,127.0,2014-09-30
281,3007.0,49.0,2015-02-18,2015-05-19,91.0,2015-02-11
282,3010.0,100.0,2014-09-08,2015-01-20,135.0,2014-09-01
283,3017.0,150.0,2014-12-01,2015-05-21,172.0,2014-11-24
284,3018.0,41.0,2014-09-02,2015-01-21,142.0,2014-08-26
285,3019.0,50.0,2014-09-10,2015-05-15,248.0,2014-09-03
286,3021.0,196.0,2014-09-08,2015-06-29,295.0,2014-09-01
287,3022.0,235.0,2014-12-01,2015-06-29,211.0,2014-11-24
288,3028.0,72.0,2014-09-09,2015-01-13,127.0,2014-09-02
289,3029.0,116.0,2015-05-19,2015-06-30,43.0,2015-05-12
290,3030.0,45.0,2015-02-06,2015-07-01,146.0,2015-01-30
291,3033.0,248.0,2014-09-08,2015-01-18,133.0,2014-09-01
292,3044.0,1.0,2014-09-12,2015-02-16,158.0,2014-09-05
293,3046.0,19.0,2015-02-03,2015-06-14,132.0,2015-01-27
294,3050.0,60.0,2015-01-26,2015-06-11,137.0,2015-01-19
295,3055.0,53.0,2014-10-26,2015-01-21,88.0,2014-10-19
296,306.0,30.0,2015-01-22,2015-02-23,33.0,2015-01-15
297,3061.0,74.0,2014-09-08,2015-01-23,138.0,2014-09-01
298,3062.0,76.0,2015-02-17,2015-05-11,84.0,2015-02-10
299,3066.0,122.0,2014-10-28,2015-06-03,219.0,2014-10-21
300,3069.0,219.0,2014-10-28,2015-05-18,203.0,2014-10-21
301,3076.0,144.0,2014-09-17,2015-01-28,134.0,2014-09-10
302,3077.0,180.0,2014-09-02,2015-01-22,143.0,2014-08-26
303,3089.0,111.0,2014-11-02,2015-05-18,198.0,2014-10-26
304,309.0,30.0,2015-01-20,2015-03-06,46.0,2015-01-13
305,3094.0,82.0,2015-02-28,2015-06-16,109.0,2015-02-21
306,3096.0,48.0,2014-09-06,2015-03-26,202.0,2014-08-30
307,3101.0,28.0,2014-08-31,2015-01-06,129.0,2014-08-24
308,3110.0,27.0,2014-09-02,2015-01-25,146.0,2014-08-26
309,3115.0,36.0,2014-09-07,2015-01-18,134.0,2014-08-31
310,3120.0,65.0,2014-09-03,2015-01-27,147.0,2014-08-27
311,3122.0,144.0,2014-09-02,2015-05-13,254.0,2014-08-26
312,3127.0,161.0,2015-03-06,2015-06-05,92.0,2015-02-27
313,3131.0,74.0,2014-09-25,2015-05-27,245.0,2014-09-18
314,3134.0,29.0,2014-09-14,2015-05-27,256.0,2014-09-07
315,3138.0,58.0,2014-09-08,2015-01-16,131.0,2014-09-01
316,3140.0,135.0,2014-09-09,2014-12-16,99.0,2014-09-02
317,3151.0,265.0,2014-09-07,2015-05-15,251.0,2014-08-31
318,316.0,20.0,2014-11-03,2015-01-12,71.0,2014-10-27
319,3161.0,51.0,2014-09-13,2015-01-09,119.0,2014-09-06
320,3164.0,120.0,2014-09-04,2014-12-20,108.0,2014-08-28
321,3169.0,42.0,2015-01-24,2015-06-10,138.0,2015-01-17
322,317.0,20.0,2015-02-23,2015-05-22,89.0,2015-02-16
323,3170.0,19.0,2014-09-16,2015-02-04,142.0,2014-09-09
324,3171.0,66.0,2014-09-03,2015-01-27,147.0,2014-08-27
325,3174.0,14.0,2014-09-13,2015-01-07,117.0,2014-09-06
326,3181.0,27.0,2014-09-08,2015-01-07,122.0,2014-09-01
327,329.0,21.0,2015-02-23,2015-05-22,89.0,2015-02-16
328,3320.0,79.0,2014-10-16,2015-01-19,96.0,2014-10-09
329,3339.0,34.0,2015-02-02,2015-05-10,98.0,2015-01-26
330,3343.0,119.0,2014-10-13,2015-06-08,239.0,2014-10-06
331,3347.0,29.0,2015-01-31,2015-05-06,96.0,2015-01-24
332,3349.0,26.0,2015-02-12,2015-03-18,35.0,2015-02-05
333,3360.0,31.0,2014-09-01,2015-05-23,265.0,2014-08-25
334,3361.0,79.0,2014-09-08,2015-06-08,274.0,2014-09-01
335,3364.0,29.0,2015-01-21,2015-05-31,131.0,2015-01-14
336,3365.0,39.0,2015-02-02,2015-06-02,121.0,2015-01-26
337,3371.0,28.0,2014-09-09,2015-01-09,123.0,2014-09-02
338,3378.0,14.0,2014-09-10,2015-02-06,150.0,2014-09-03
339,3379.0,30.0,2015-01-28,2015-06-18,142.0,2015-01-21
340,3564.0,138.0,2014-09-22,2014-12-16,86.0,2014-09-15
341,3570.0,61.0,2015-02-03,2015-04-29,86.0,2015-01-27
342,3572.0,148.0,2014-09-09,2015-01-18,132.0,2014-09-02
343,3580.0,126.0,2015-01-26,2015-05-31,126.0,2015-01-19
344,3593.0,47.0,2015-01-21,2015-05-18,118.0,2015-01-14
345,3596.0,36.0,2014-10-14,2014-12-14,62.0,2014-10-07
346,3601.0,69.0,2015-01-25,2015-05-20,116.0,2015-01-18
347,3604.0,66.0,2015-01-31,2015-05-20,110.0,2015-01-24
348,3609.0,65.0,2014-09-13,2014-12-19,98.0,2014-09-06
349,3614.0,97.0,2014-10-18,2015-01-08,83.0,2014-10-11
350,3620.0,120.0,2014-09-14,2014-12-29,107.0,2014-09-07
351,3626.0,63.0,2015-01-27,2015-05-25,119.0,2015-01-20
352,3631.0,70.0,2014-12-14,2015-01-28,46.0,2014-12-07
353,3642.0,107.0,2014-09-15,2014-12-16,93.0,2014-09-08
354,3772.0,53.0,2015-01-24,2015-04-27,94.0,2015-01-17
355,3774.0,3.0,2015-01-27,2015-05-26,120.0,2015-01-20
356,3794.0,60.0,2014-12-07,2015-06-08,184.0,2014-11-30
357,380.0,2.0,2014-08-31,2015-01-16,139.0,2014-08-24
358,3816.0,56.0,2015-01-29,2015-05-12,104.0,2015-01-22
359,3878.0,18.0,2015-04-13,2015-06-11,60.0,2015-04-06
360,3886.0,15.0,2015-01-28,2015-03-13,45.0,2015-01-21
361,3919.0,16.0,2014-12-09,2015-01-25,48.0,2014-12-02
362,3929.0,2.0,2014-09-08,2015-06-25,291.0,2014-09-01
363,401.0,67.0,2015-01-18,2015-05-28,131.0,2015-01-11
364,411.0,28.0,2015-03-09,2015-05-18,71.0,2015-03-02
365,412.0,17.0,2014-08-31,2014-12-27,119.0,2014-08-24
366,4148.0,22.0,2015-01-31,2015-05-22,112.0,2015-01-24
367,4151.0,13.0,2015-01-22,2015-05-22,121.0,2015-01-15
368,4156.0,105.0,2015-01-12,2015-06-09,149.0,2015-01-05
369,4159.0,59.0,2014-09-08,2015-01-14,129.0,2014-09-01
370,4161.0,80.0,2014-09-02,2015-05-14,255.0,2014-08-26
371,4177.0,85.0,2015-01-25,2015-05-10,106.0,2015-01-18
372,4178.0,91.0,2014-09-07,2015-01-22,138.0,2014-08-31
373,418.0,55.0,2015-01-28,2015-05-20,113.0,2015-01-21
374,4186.0,43.0,2015-01-29,2015-05-20,112.0,2015-01-22
375,4187.0,65.0,2015-03-05,2015-06-01,89.0,2015-02-26
376,4189.0,145.0,2015-01-29,2015-06-17,140.0,2015-01-22
377,4194.0,87.0,2015-01-22,2015-05-25,124.0,2015-01-15
378,4198.0,125.0,2014-09-08,2015-01-14,129.0,2014-09-01
379,42.0,9.0,2015-01-27,2015-04-24,88.0,2015-01-20
380,4201.0,11.0,2014-09-07,2015-01-07,123.0,2014-08-31
381,4208.0,16.0,2015-01-28,2015-05-18,111.0,2015-01-21
382,4212.0,123.0,2014-09-09,2015-01-15,129.0,2014-09-02
383,4213.0,143.0,2014-10-14,2014-12-10,58.0,2014-10-07
384,4214.0,26.0,2014-09-09,2015-01-06,120.0,2014-09-02
385,4216.0,58.0,2015-02-22,2015-05-26,94.0,2015-02-15
386,4225.0,9.0,2014-10-27,2015-01-21,87.0,2014-10-20
387,4239.0,16.0,2015-01-22,2015-05-25,124.0,2015-01-15
388,4241.0,12.0,2014-09-10,2015-01-31,144.0,2014-09-03
389,4247.0,62.0,2014-09-03,2015-01-15,135.0,2014-08-27
390,4254.0,22.0,2014-09-23,2015-01-21,121.0,2014-09-16
391,4256.0,99.0,2014-09-04,2014-12-15,103.0,2014-08-28
392,4259.0,20.0,2014-09-08,2014-12-22,106.0,2014-09-01
393,4262.0,70.0,2015-02-15,2015-05-12,87.0,2015-02-08
394,4268.0,7.0,2014-09-03,2015-01-15,135.0,2014-08-27
395,4493.0,3.0,2014-12-15,2015-02-12,60.0,2014-12-08
396,4501.0,12.0,2015-03-17,2015-05-29,74.0,2015-03-10
397,4516.0,4.0,2014-10-28,2014-12-12,46.0,2014-10-21
398,4525.0,3.0,2015-02-09,2015-04-14,65.0,2015-02-02
399,4539.0,14.0,2015-02-10,2015-05-20,100.0,2015-02-03
400,4551.0,9.0,2014-11-30,2015-02-22,85.0,2014-11-23
401,4556.0,12.0,2015-01-25,2015-05-20,116.0,2015-01-18
402,4561.0,4.0,2014-09-08,2014-11-06,60.0,2014-09-01
403,4565.0,10.0,2015-02-24,2015-04-09,45.0,2015-02-17
404,4572.0,23.0,2015-02-09,2015-04-10,61.0,2015-02-02
405,4580.0,26.0,2014-09-14,2014-11-10,58.0,2014-09-07
406,4587.0,13.0,2014-10-02,2014-12-25,85.0,2014-09-25
407,4601.0,14.0,2015-01-15,2015-03-18,63.0,2015-01-08
408,4606.0,11.0,2015-03-21,2015-05-14,55.0,2015-03-14
409,4615.0,13.0,2015-01-11,2015-04-13,93.0,2015-01-04
410,4616.0,9.0,2015-01-24,2015-05-28,125.0,2015-01-17
411,4619.0,14.0,2015-01-22,2015-05-20,119.0,2015-01-15
412,4624.0,19.0,2014-09-11,2015-01-21,133.0,2014-09-04
413,4633.0,29.0,2014-11-11,2014-12-11,31.0,2014-11-04
414,4635.0,13.0,2015-05-28,2015-07-01,35.0,2015-05-21
415,4637.0,5.0,2015-01-29,2015-04-11,73.0,2015-01-22
416,4641.0,25.0,2014-10-12,2015-01-04,85.0,2014-10-05
417,4642.0,29.0,2014-11-03,2015-03-18,136.0,2014-10-27
418,4643.0,10.0,2014-10-02,2015-04-03,184.0,2014-09-25
419,4661.0,20.0,2015-02-24,2015-04-29,65.0,2015-02-17
420,4670.0,20.0,2015-02-24,2015-06-11,108.0,2015-02-17
421,4689.0,18.0,2014-09-30,2015-02-11,135.0,2014-09-23
422,4707.0,20.0,2014-10-14,2015-07-02,262.0,2014-10-07
423,4728.0,25.0,2014-10-05,2014-11-09,36.0,2014-09-28
424,4840.0,13.0,2015-03-05,2015-06-19,107.0,2015-02-26
425,4841.0,20.0,2015-03-05,2015-06-20,108.0,2015-02-26
426,4867.0,20.0,2015-03-05,2015-06-19,107.0,2015-02-26
427,4873.0,12.0,2015-05-31,2015-07-10,41.0,2015-05-24
428,4897.0,7.0,2015-03-05,2015-06-09,97.0,2015-02-26
429,4904.0,4.0,2015-01-14,2015-03-12,58.0,2015-01-07
430,4905.0,8.0,2014-09-10,2015-05-20,253.0,2014-09-03
431,4921.0,12.0,2014-09-04,2015-01-07,126.0,2014-08-28
432,4923.0,47.0,2014-09-11,2015-06-03,266.0,2014-09-04
433,4936.0,35.0,2015-04-05,2015-05-03,29.0,2015-03-29
434,4952.0,1.0,2015-03-02,2015-04-28,58.0,2015-02-23
435,5001.0,103.0,2014-09-08,2015-01-22,137.0,2014-09-01
436,5002.0,8.0,2015-03-01,2015-05-13,74.0,2015-02-22
437,5009.0,36.0,2015-02-01,2015-05-13,102.0,2015-01-25
438,5017.0,1.0,2015-04-23,2015-06-18,57.0,2015-04-16
439,5021.0,89.0,2014-11-16,2015-02-08,85.0,2014-11-09
440,5035.0,100.0,2014-09-08,2015-01-21,136.0,2014-09-01
441,5045.0,5.0,2014-09-08,2015-01-20,135.0,2014-09-01
442,5046.0,28.0,2014-11-25,2015-01-01,38.0,2014-11-18
443,5055.0,12.0,2014-11-03,2014-12-04,32.0,2014-10-27
444,5056.0,12.0,2014-09-29,2014-12-18,81.0,2014-09-22
445,5068.0,33.0,2014-09-14,2014-12-24,102.0,2014-09-07
446,5069.0,9.0,2014-09-22,2015-01-22,123.0,2014-09-15
447,5078.0,24.0,2014-09-28,2015-01-17,112.0,2014-09-21
448,508.0,12.0,2014-09-17,2015-01-12,118.0,2014-09-10
449,5091.0,27.0,2015-01-21,2015-06-30,161.0,2015-01-14
450,5094.0,2.0,2014-10-13,2015-01-21,101.0,2014-10-06
451,5103.0,72.0,2014-09-09,2015-01-21,135.0,2014-09-02
452,5105.0,71.0,2015-01-22,2015-05-11,110.0,2015-01-15
453,5106.0,48.0,2015-01-25,2015-05-13,109.0,2015-01-18
454,5111.0,15.0,2014-09-10,2015-01-11,124.0,2014-09-03
455,5116.0,27.0,2014-09-10,2015-01-23,136.0,2014-09-03
456,512.0,14.0,2014-09-08,2015-01-22,137.0,2014-09-01
457,514.0,7.0,2015-01-24,2015-05-12,109.0,2015-01-17
458,5147.0,35.0,2014-10-02,2014-12-24,84.0,2014-09-25
459,5148.0,23.0,2014-09-05,2014-12-30,117.0,2014-08-29
460,5158.0,34.0,2015-01-08,2015-06-10,154.0,2015-01-01
461,5178.0,59.0,2014-09-02,2014-10-05,34.0,2014-08-26
462,5179.0,37.0,2014-09-02,2014-10-01,30.0,2014-08-26
463,518.0,15.0,2015-01-24,2015-05-10,107.0,2015-01-17
464,5183.0,52.0,2014-09-09,2014-12-21,104.0,2014-09-02
465,5185.0,22.0,2014-09-04,2015-01-07,126.0,2014-08-28
466,5190.0,21.0,2014-09-03,2015-01-26,146.0,2014-08-27
467,5194.0,38.0,2014-10-26,2015-01-18,85.0,2014-10-19
468,520.0,18.0,2015-01-24,2015-05-08,105.0,2015-01-17
469,5222.0,35.0,2014-09-28,2015-01-17,112.0,2014-09-21
470,5232.0,41.0,2014-09-10,2015-01-20,133.0,2014-09-03
471,524.0,12.0,2014-09-07,2014-12-20,105.0,2014-08-31
472,5240.0,86.0,2014-09-15,2014-12-28,105.0,2014-09-08
473,5254.0,24.0,2015-01-18,2015-05-28,131.0,2015-01-11
474,5260.0,4.0,2015-01-18,2015-05-16,119.0,2015-01-11
475,5261.0,70.0,2014-10-01,2015-01-26,118.0,2014-09-24
476,527.0,19.0,2014-09-03,2014-12-11,100.0,2014-08-27
477,5283.0,6.0,2014-09-16,2014-11-27,73.0,2014-09-09
478,529.0,8.0,2015-01-24,2015-05-08,105.0,2015-01-17
479,5291.0,88.0,2014-10-09,2014-12-09,62.0,2014-10-02
480,5330.0,76.0,2015-01-18,2015-06-16,150.0,2015-01-11
481,5333.0,9.0,2014-10-06,2014-12-10,66.0,2014-09-29
482,5334.0,2.0,2014-10-06,2014-12-11,67.0,2014-09-29
483,5335.0,8.0,2014-10-06,2014-12-11,67.0,2014-09-29
484,5336.0,7.0,2014-10-06,2014-12-11,67.0,2014-09-29
485,5342.0,40.0,2014-09-24,2015-01-11,110.0,2014-09-17
486,5343.0,21.0,2014-09-24,2015-01-22,121.0,2014-09-17
487,535.0,17.0,2014-09-23,2015-05-13,233.0,2014-09-16
488,5350.0,33.0,2014-09-29,2014-12-10,73.0,2014-09-22
489,5352.0,91.0,2015-02-03,2015-04-23,80.0,2015-01-27
490,536.0,21.0,2015-01-22,2015-05-15,114.0,2015-01-15
491,5363.0,25.0,2014-10-15,2015-06-14,243.0,2014-10-08
492,537.0,14.0,2014-09-03,2015-01-03,123.0,2014-08-27
493,5375.0,40.0,2014-10-08,2014-12-11,65.0,2014-10-01
494,5386.0,31.0,2014-11-03,2015-02-06,96.0,2014-10-27
495,5395.0,4.0,2014-12-01,2015-06-24,206.0,2014-11-24
496,5398.0,29.0,2014-11-15,2015-01-29,76.0,2014-11-08
497,5405.0,4.0,2015-02-11,2015-06-10,120.0,2015-02-04
498,541.0,16.0,2014-09-07,2014-12-14,99.0,2014-08-31
499,542.0,10.0,2014-09-11,2014-12-08,89.0,2014-09-04
500,5425.0,50.0,2014-11-10,2014-12-18,39.0,2014-11-03
501,5426.0,38.0,2014-11-11,2015-02-13,95.0,2014-11-04
502,543.0,21.0,2014-09-07,2015-01-21,137.0,2014-08-31
503,546.0,18.0,2014-09-07,2015-01-16,132.0,2014-08-31
504,5464.0,76.0,2015-01-24,2015-05-25,122.0,2015-01-17
505,5466.0,17.0,2015-02-05,2015-05-21,106.0,2015-01-29
506,5471.0,19.0,2015-01-22,2015-05-23,122.0,2015-01-15
507,548.0,20.0,2014-09-02,2015-01-14,135.0,2014-08-26
508,5480.0,15.0,2015-01-26,2015-05-30,125.0,2015-01-19
509,5487.0,21.0,2015-01-28,2015-05-14,107.0,2015-01-21
510,549.0,18.0,2014-09-02,2015-01-11,132.0,2014-08-26
511,5499.0,64.0,2015-01-25,2015-06-26,153.0,2015-01-18
512,5502.0,71.0,2015-01-19,2015-05-13,115.0,2015-01-12
513,5503.0,64.0,2015-01-21,2015-05-18,118.0,2015-01-14
514,554.0,28.0,2015-02-22,2015-06-22,121.0,2015-02-15
515,5576.0,2.0,2015-02-02,2015-03-04,31.0,2015-01-26
516,5596.0,21.0,2015-03-04,2015-06-10,99.0,2015-02-25
517,560.0,82.0,2014-09-18,2015-01-15,120.0,2014-09-11
518,5610.0,60.0,2015-01-26,2015-05-15,110.0,2015-01-19
519,5614.0,15.0,2015-02-01,2015-05-25,114.0,2015-01-25
520,5638.0,15.0,2015-03-25,2015-06-12,80.0,2015-03-18
521,5639.0,78.0,2015-02-09,2015-06-08,120.0,2015-02-02
522,564.0,26.0,2015-01-21,2015-05-22,122.0,2015-01-14
523,5646.0,57.0,2015-02-04,2015-06-16,133.0,2015-01-28
524,566.0,46.0,2015-02-05,2015-05-13,98.0,2015-01-29
525,5688.0,30.0,2015-05-25,2015-06-26,33.0,2015-05-18
526,5690.0,5.0,2015-04-03,2015-05-16,44.0,2015-03-27
527,571.0,11.0,2014-09-07,2015-01-03,119.0,2014-08-31
528,578.0,22.0,2014-12-07,2015-01-18,43.0,2014-11-30
529,580.0,90.0,2015-01-20,2015-03-24,64.0,2015-01-13
530,5901.0,7.0,2015-06-01,2015-07-09,39.0,2015-05-25
531,600.0,21.0,2014-09-07,2014-12-17,102.0,2014-08-31
532,650.0,21.0,2015-01-07,2015-04-13,97.0,2014-12-31
533,651.0,26.0,2015-02-02,2015-05-28,116.0,2015-01-26
534,665.0,18.0,2015-01-04,2015-05-25,142.0,2014-12-28
535,666.0,27.0,2015-01-14,2015-05-18,125.0,2015-01-07
536,673.0,27.0,2014-09-30,2015-03-05,157.0,2014-09-23
537,676.0,22.0,2014-09-08,2015-01-22,137.0,2014-09-01
538,689.0,43.0,2014-09-30,2014-12-19,81.0,2014-09-23
539,690.0,242.0,2015-01-20,2015-05-07,108.0,2015-01-13
540,693.0,95.0,2015-02-18,2015-05-11,83.0,2015-02-11
541,715.0,26.0,2015-01-26,2015-05-08,103.0,2015-01-19
542,722.0,60.0,2014-09-04,2015-01-05,124.0,2014-08-28
543,734.0,30.0,2014-09-08,2015-01-03,118.0,2014-09-01
544,736.0,34.0,2014-09-04,2015-01-14,133.0,2014-08-28
545,737.0,21.0,2014-11-10,2015-01-11,63.0,2014-11-03
546,746.0,55.0,2014-09-06,2014-12-05,91.0,2014-08-30
547,753.0,49.0,2014-09-10,2015-05-27,260.0,2014-09-03
548,756.0,2.0,2014-09-10,2015-01-19,132.0,2014-09-03
549,762.0,27.0,2015-01-28,2015-05-28,121.0,2015-01-21
550,806.0,46.0,2014-09-08,2015-05-15,250.0,2014-09-01
551,841.0,29.0,2014-09-08,2015-01-18,133.0,2014-09-01
552,845.0,53.0,2014-09-07,2014-12-22,107.0,2014-08-31
553,90.0,15.0,2015-01-23,2015-05-18,116.0,2015-01-16
554,918.0,1.0,2015-01-13,2015-05-25,133.0,2015-01-06
555,922.0,2.0,2014-09-10,2014-12-28,110.0,2014-09-03
556,961.0,12.0,2015-02-05,2015-05-18,103.0,2015-01-29
557,984.0,13.0,2014-08-31,2015-01-27,150.0,2014-08-24
558,985.0,22.0,2014-08-24,2015-02-25,186.0,2014-08-17
559,992.0,16.0,2015-02-09,2015-05-12,93.0,2015-02-02
560,993.0,55.0,2014-09-11,2015-01-12,124.0,2014-09-04
561,999.0,59.0,2014-09-15,2015-01-29,137.0,2014-09-08
