,index,course
0,0,1.0
1,162,4.0
2,171,3.0
3,176,5.0
4,182,8.0
5,183,7.0
6,184,6.0
7,186,10.0
8,187,9.0
9,191,14.0
10,192,11.0
11,193,17.0
12,194,16.0
13,195,13.0
14,196,12.0
15,197,15.0
16,199,19.0
17,200,21.0
18,201,20.0
19,202,18.0
20,204,25.0
21,205,27.0
22,206,24.0
23,207,23.0
24,208,26.0
25,209,22.0
26,210,28.0
27,211,29.0
28,212,35.0
29,213,30.0
30,214,36.0
31,215,37.0
32,219,31.0
33,221,33.0
34,222,34.0
35,223,32.0
36,224,45.0
37,225,38.0
38,226,41.0
39,227,40.0
40,228,43.0
41,229,42.0
42,230,46.0
43,231,39.0
44,232,44.0
45,234,52.0
46,235,51.0
47,236,53.0
48,237,49.0
49,238,55.0
50,239,50.0
51,240,48.0
52,241,54.0
53,250,64.0
54,251,62.0
55,252,61.0
56,253,63.0
57,254,58.0
58,255,59.0
59,256,57.0
60,257,65.0
61,258,60.0
62,262,66.0
63,263,71.0
64,264,67.0
65,265,69.0
66,266,68.0
67,267,73.0
68,268,72.0
69,269,75.0
70,270,74.0
71,271,70.0
72,273,80.0
73,274,81.0
74,275,77.0
75,276,83.0
76,277,82.0
77,278,78.0
78,279,86.0
79,280,85.0
80,281,76.0
81,282,84.0
82,286,91.0
83,287,87.0
84,288,94.0
85,289,90.0
86,290,97.0
87,291,96.0
88,292,93.0
89,293,102.0
90,294,88.0
91,295,92.0
92,296,103.0
93,297,89.0
94,298,99.0
95,299,98.0
96,300,101.0
97,301,100.0
98,302,95.0
99,304,107.0
100,305,111.0
101,306,115.0
102,307,106.0
103,308,108.0
104,309,119.0
105,310,104.0
106,311,117.0
107,312,116.0
108,313,112.0
109,314,120.0
110,315,110.0
111,316,109.0
112,317,113.0
113,318,114.0
114,319,105.0
115,320,118.0
116,329,126.0
117,330,132.0
118,331,131.0
119,332,130.0
120,333,135.0
121,334,122.0
122,335,121.0
123,336,128.0
124,337,127.0
125,338,129.0
126,339,133.0
127,340,125.0
128,341,134.0
129,342,136.0
130,343,123.0
131,344,124.0
132,348,150.0
133,349,149.0
134,350,141.0
135,351,137.0
136,352,144.0
137,353,147.0
138,354,146.0
139,355,145.0
140,356,140.0
141,357,139.0
142,358,138.0
143,359,142.0
144,360,143.0
145,361,148.0
146,362,151.0
147,363,156.0
148,364,164.0
149,365,165.0
150,366,155.0
151,367,168.0
152,368,167.0
153,369,163.0
154,370,152.0
155,371,157.0
156,372,153.0
157,373,162.0
158,374,170.0
159,375,159.0
160,376,161.0
161,377,166.0
162,378,169.0
163,379,158.0
164,380,154.0
165,381,160.0
166,384,183.0
167,385,175.0
168,386,171.0
169,387,173.0
170,388,174.0
171,389,177.0
172,390,188.0
173,391,182.0
174,392,185.0
175,393,176.0
176,394,178.0
177,395,189.0
178,396,179.0
179,397,181.0
180,398,191.0
181,399,180.0
182,400,186.0
183,401,190.0
184,402,184.0
185,403,187.0
186,406,195.0
187,407,204.0
188,408,214.0
189,409,203.0
190,410,198.0
191,411,208.0
192,412,200.0
193,413,201.0
194,414,197.0
195,415,202.0
196,416,209.0
197,417,207.0
198,418,192.0
199,419,211.0
200,420,210.0
201,421,206.0
202,422,217.0
203,423,194.0
204,424,212.0
205,425,216.0
206,426,199.0
207,427,193.0
208,428,205.0
209,429,215.0
210,430,196.0
211,431,213.0
212,433,239.0
213,434,233.0
214,435,238.0
215,436,235.0
216,437,231.0
217,438,237.0
218,439,232.0
219,440,220.0
220,441,228.0
221,442,229.0
222,443,234.0
223,444,225.0
224,445,242.0
225,446,227.0
226,447,241.0
227,448,222.0
228,449,236.0
229,450,224.0
230,451,240.0
231,452,223.0
232,453,230.0
233,454,243.0
234,455,221.0
235,456,226.0
236,457,218.0
237,458,219.0
238,462,255.0
239,463,247.0
240,464,248.0
241,465,249.0
242,466,245.0
243,467,244.0
244,468,261.0
245,469,252.0
246,470,259.0
247,471,256.0
248,472,250.0
249,473,246.0
250,474,258.0
251,475,260.0
252,476,262.0
253,477,257.0
254,478,264.0
255,479,263.0
256,480,254.0
257,481,251.0
258,482,253.0
259,485,283.0
260,486,285.0
261,487,271.0
262,488,279.0
263,489,275.0
264,490,276.0
265,491,290.0
266,492,280.0
267,493,270.0
268,494,267.0
269,495,286.0
270,496,266.0
271,497,274.0
272,498,265.0
273,499,282.0
274,500,281.0
275,501,269.0
276,502,291.0
277,503,273.0
278,504,287.0
279,505,284.0
280,506,288.0
281,507,278.0
282,508,272.0
283,509,289.0
284,510,268.0
285,511,277.0
286,515,295.0
287,516,297.0
288,517,310.0
289,518,312.0
290,519,306.0
291,520,315.0
292,521,314.0
293,522,293.0
294,523,309.0
295,524,302.0
296,525,294.0
297,526,299.0
298,527,320.0
299,528,324.0
300,529,317.0
301,530,335.0
302,531,322.0
303,532,316.0
304,533,330.0
305,534,321.0
306,535,323.0
307,536,318.0
308,537,325.0
309,538,319.0
310,546,339.0
311,547,347.0
312,548,343.0
313,550,361.0
314,551,351.0
315,552,357.0
316,553,354.0
317,554,344.0
318,555,355.0
319,556,358.0
320,557,360.0
321,562,398.0
322,563,387.0
323,564,384.0
324,565,372.0
325,566,389.0
326,567,391.0
327,568,396.0
328,569,376.0
329,570,377.0
330,571,401.0
331,572,367.0
332,573,395.0
333,574,392.0
334,575,368.0
335,576,369.0
336,577,413.0
337,578,415.0
338,579,427.0
339,580,409.0
340,581,405.0
341,582,431.0
342,583,430.0
343,584,406.0
344,585,418.0
345,586,423.0
346,587,408.0
347,588,419.0
348,589,420.0
349,590,416.0
350,591,417.0
351,592,432.0
352,593,466.0
353,594,449.0
354,595,450.0
355,596,454.0
356,597,441.0
357,598,455.0
358,599,456.0
359,600,437.0
360,601,462.0
361,602,444.0
362,603,464.0
363,604,459.0
364,605,442.0
365,606,465.0
366,607,443.0
367,608,435.0
368,609,461.0
369,610,440.0
370,611,445.0
371,612,451.0
372,613,448.0
373,614,447.0
374,618,473.0
375,619,469.0
376,620,483.0
377,621,489.0
378,622,481.0
379,623,498.0
380,624,497.0
381,625,485.0
382,626,502.0
383,627,471.0
384,628,501.0
385,629,500.0
386,630,495.0
387,631,503.0
388,632,496.0
389,633,472.0
390,634,499.0
391,635,493.0
392,636,480.0
393,637,475.0
394,638,476.0
395,639,479.0
396,640,478.0
397,641,474.0
398,643,484.0
399,644,487.0
400,645,477.0
401,646,492.0
402,649,519.0
403,650,531.0
404,651,526.0
405,652,544.0
406,653,517.0
407,654,534.0
408,655,523.0
409,656,515.0
410,657,548.0
411,658,527.0
412,659,535.0
413,660,542.0
414,661,522.0
415,662,516.0
416,663,508.0
417,664,514.0
418,665,550.0
419,673,593.0
420,675,590.0
421,676,582.0
422,677,595.0
423,678,569.0
424,679,554.0
425,680,584.0
426,681,580.0
427,682,560.0
428,683,587.0
429,684,583.0
430,685,594.0
431,686,567.0
432,687,566.0
433,688,578.0
434,689,551.0
435,695,618.0
436,696,602.0
437,697,616.0
438,698,613.0
439,699,641.0
440,700,638.0
441,701,623.0
442,702,646.0
443,703,612.0
444,704,636.0
445,705,611.0
446,706,620.0
447,710,669.0
448,711,657.0
449,712,674.0
450,713,671.0
451,714,649.0
452,715,675.0
453,716,685.0
454,717,670.0
455,718,663.0
456,719,684.0
457,720,659.0
458,721,666.0
459,726,698.0
460,727,719.0
461,728,735.0
462,729,728.0
463,730,738.0
464,731,725.0
465,732,707.0
466,733,712.0
467,734,708.0
468,735,715.0
469,736,701.0
470,737,714.0
471,738,706.0
472,739,689.0
473,740,726.0
474,741,737.0
475,745,739.0
476,746,788.0
477,747,751.0
478,748,786.0
479,749,761.0
480,750,778.0
481,751,753.0
482,752,742.0
483,753,774.0
484,754,767.0
485,755,771.0
486,756,740.0
487,766,888.0
488,767,882.0
489,768,856.0
490,769,873.0
491,770,897.0
492,771,898.0
493,772,892.0
494,773,886.0
495,774,857.0
496,775,896.0
497,776,879.0
498,777,870.0
499,794,1000.0
500,802,977.0
501,815,1462.0
502,817,1511.0
503,818,1527.0
504,819,1529.0
505,820,1503.0
506,821,1582.0
507,822,1516.0
508,826,1684.0
509,827,1669.0
510,828,1762.0
511,829,1616.0
512,830,1693.0
513,831,1707.0
514,832,1666.0
515,833,1756.0
516,834,1743.0
517,835,1782.0
518,836,1740.0
519,837,1678.0
520,838,1752.0
521,839,1764.0
522,840,1751.0
523,841,1741.0
524,842,1726.0
525,843,1680.0
526,844,1694.0
527,856,1812.0
528,857,1837.0
529,858,1834.0
530,859,1798.0
531,860,1825.0
532,861,1802.0
533,862,1811.0
534,863,1816.0
535,864,1832.0
536,865,1838.0
537,866,1800.0
538,867,1805.0
539,868,1846.0
540,869,1828.0
541,870,1814.0
542,874,1868.0
543,875,1850.0
544,876,1882.0
545,877,1878.0
546,878,1861.0
547,879,1857.0
548,880,1872.0
549,881,1879.0
550,882,1903.0
551,883,1863.0
552,884,1881.0
553,885,1869.0
554,886,1866.0
555,887,1894.0
556,891,1915.0
557,892,1907.0
558,893,1933.0
559,894,1913.0
560,895,1928.0
561,896,1908.0
562,897,1924.0
563,898,1922.0
564,899,1909.0
565,900,1951.0
566,901,1934.0
567,902,1938.0
568,903,1911.0
569,904,1939.0
570,905,1923.0
571,910,1997.0
572,911,1987.0
573,912,1998.0
574,913,1982.0
575,914,1993.0
576,915,1969.0
577,916,1996.0
578,917,1974.0
579,918,2004.0
580,919,2005.0
581,920,2019.0
582,921,1980.0
583,922,1988.0
584,923,1972.0
585,927,2069.0
586,928,2296.0
587,929,2228.0
588,930,2390.0
589,931,2130.0
590,932,2134.0
591,933,2117.0
592,934,2375.0
593,935,2245.0
594,936,2161.0
595,937,2435.0
596,938,2124.0
597,939,2346.0
598,940,2417.0
599,941,2404.0
600,942,2275.0
601,943,2405.0
602,944,2402.0
603,945,2492.0
604,950,2516.0
605,951,2539.0
606,952,2530.0
607,953,2549.0
608,954,2529.0
609,955,2551.0
610,956,2536.0
611,957,2555.0
612,958,2526.0
613,959,2548.0
614,960,2524.0
615,961,2545.0
616,962,2542.0
617,963,2510.0
618,969,2597.0
619,970,2631.0
620,971,2594.0
621,972,2574.0
622,973,2613.0
623,974,2604.0
624,975,2570.0
625,976,2567.0
626,977,2578.0
627,978,2590.0
628,979,2580.0
629,980,2566.0
630,981,2606.0
631,982,2572.0
632,983,2592.0
633,984,2605.0
634,985,2584.0
635,986,2564.0
636,987,2623.0
637,988,2598.0
638,989,2599.0
639,994,2669.0
640,995,2703.0
641,996,2672.0
642,997,2668.0
643,998,2671.0
644,999,2684.0
645,1000,2670.0
646,1001,2652.0
647,1002,2641.0
648,1003,2697.0
649,1004,2686.0
650,1005,2655.0
651,1006,2637.0
652,1007,2661.0
653,1008,2673.0
654,1009,2638.0
655,1010,2656.0
656,1011,2649.0
657,1012,2677.0
658,1013,2651.0
659,1014,2700.0
660,1028,2736.0
661,1029,2741.0
662,1030,2726.0
663,1031,2729.0
664,1032,2740.0
665,1033,2748.0
666,1034,2773.0
667,1035,2716.0
668,1036,2753.0
669,1037,2733.0
670,1038,2737.0
671,1039,2727.0
672,1040,2738.0
673,1041,2722.0
674,1042,2757.0
675,1043,2769.0
676,1044,2735.0
677,1045,2751.0
678,1046,2765.0
679,1047,2747.0
680,1048,2720.0
681,1049,2782.0
682,1061,2790.0
683,1062,2834.0
684,1063,2795.0
685,1064,2789.0
686,1065,2804.0
687,1066,2803.0
688,1067,2830.0
689,1068,2841.0
690,1069,2816.0
691,1070,2843.0
692,1071,2835.0
693,1072,2848.0
694,1073,2799.0
695,1074,2839.0
696,1075,2812.0
697,1076,2850.0
698,1077,2814.0
699,1078,2852.0
700,1079,2810.0
701,1080,2786.0
702,1081,2798.0
703,1082,2788.0
704,1083,2800.0
705,1084,2784.0
706,1093,2859.0
707,1094,2879.0
708,1095,2857.0
709,1096,2910.0
710,1097,2864.0
711,1098,2920.0
712,1099,2861.0
713,1100,2919.0
714,1101,2900.0
715,1102,2886.0
716,1103,2890.0
717,1104,2911.0
718,1105,2894.0
719,1106,2892.0
720,1107,2885.0
721,1108,2896.0
722,1109,2912.0
723,1110,2865.0
724,1111,2889.0
725,1112,2904.0
726,1113,2858.0
727,1117,3000.0
728,1122,3178.0
729,1123,3054.0
730,1124,3041.0
731,1125,3122.0
732,1126,3087.0
733,1127,3092.0
734,1128,3085.0
735,1129,3133.0
736,1130,3032.0
737,1131,3189.0
738,1132,3198.0
739,1133,3199.0
740,1134,3206.0
741,1135,3226.0
742,1136,3191.0
743,1137,3222.0
744,1138,3215.0
745,1139,3240.0
746,1140,3216.0
747,1141,3190.0
748,1142,3235.0
749,1143,3234.0
750,1144,3255.0
751,1145,3188.0
752,1146,3247.0
753,1147,3225.0
754,1152,3313.0
755,1153,3316.0
756,1154,3312.0
757,1155,3266.0
758,1156,3276.0
759,1157,3272.0
760,1158,3302.0
761,1159,3307.0
762,1160,3308.0
763,1161,3273.0
764,1162,3288.0
765,1163,3275.0
766,1164,3261.0
767,1165,3274.0
768,1166,3277.0
769,1167,3303.0
770,1168,3300.0
771,1175,3424.0
772,1176,3402.0
773,1177,3547.0
774,1178,3504.0
775,1179,3467.0
776,1180,3489.0
777,1181,3509.0
778,1182,3433.0
779,1183,3419.0
780,1184,3546.0
781,1185,3528.0
782,1186,3420.0
783,1187,3493.0
784,1188,3511.0
785,1189,3522.0
786,1190,3432.0
787,1191,3557.0
788,1192,3486.0
789,1197,3565.0
790,1198,3592.0
791,1199,3614.0
792,1200,3574.0
793,1201,3645.0
794,1202,3634.0
795,1203,3618.0
796,1204,3637.0
797,1205,3597.0
798,1206,3584.0
799,1207,3623.0
800,1208,3630.0
801,1209,3620.0
802,1210,3586.0
803,1211,3576.0
804,1212,3633.0
805,1213,3585.0
806,1214,3575.0
807,1215,3611.0
808,1216,3642.0
809,1217,3612.0
810,1218,3628.0
811,1219,3593.0
812,1223,3661.0
813,1224,3698.0
814,1225,3714.0
815,1226,3682.0
816,1227,3675.0
817,1228,3681.0
818,1229,3688.0
819,1230,3676.0
820,1231,3716.0
821,1232,3723.0
822,1233,3729.0
823,1234,3687.0
824,1235,3699.0
825,1236,3669.0
826,1237,3727.0
827,1238,3652.0
828,1239,3654.0
829,1240,3715.0
830,1241,3693.0
831,1242,3653.0
832,1246,3738.0
833,1247,3789.0
834,1248,3760.0
835,1249,3778.0
836,1250,3815.0
837,1251,3732.0
838,1252,3753.0
839,1253,3780.0
840,1254,3731.0
841,1255,3816.0
842,1256,3766.0
843,1257,3768.0
844,1261,3843.0
845,1262,3875.0
846,1263,3854.0
847,1264,3848.0
848,1265,3823.0
849,1266,3860.0
850,1267,3858.0
851,1268,3891.0
852,1269,3836.0
853,1270,3879.0
854,1271,3847.0
855,1272,3878.0
856,1276,3928.0
857,1277,3999.0
858,1278,4005.0
859,1279,3969.0
860,1280,4028.0
861,1281,3970.0
862,1282,3952.0
863,1283,3938.0
864,1284,3932.0
865,1285,4019.0
866,1286,3953.0
867,1287,3997.0
868,1288,3930.0
869,1289,4022.0
870,1290,3995.0
871,1291,4009.0
872,1292,3984.0
873,1293,3955.0
874,1294,3988.0
875,1298,4032.0
876,1299,4138.0
877,1300,4030.0
878,1301,4048.0
879,1302,4113.0
880,1303,4084.0
881,1304,4069.0
882,1305,4077.0
883,1306,4106.0
884,1307,4043.0
885,1308,4070.0
886,1309,4057.0
887,1313,4170.0
888,1314,4176.0
889,1315,4180.0
890,1316,4225.0
891,1317,4238.0
892,1318,4199.0
893,1319,4187.0
894,1320,4233.0
895,1321,4245.0
896,1322,4213.0
897,1323,4175.0
898,1324,4198.0
899,1325,4183.0
900,1326,4156.0
901,1327,4221.0
902,1328,4214.0
903,1329,4206.0
904,1330,4152.0
905,1331,4232.0
906,1335,4309.0
907,1336,4313.0
908,1337,4288.0
909,1338,4310.0
910,1339,4275.0
911,1340,4286.0
912,1341,4322.0
913,1342,4306.0
914,1343,4346.0
915,1344,4297.0
916,1345,4328.0
917,1346,4338.0
918,1350,4373.0
919,1351,4368.0
920,1352,4442.0
921,1353,4461.0
922,1354,4404.0
923,1355,4409.0
924,1356,4390.0
925,1357,4400.0
926,1358,4467.0
927,1359,4366.0
928,1360,4475.0
929,1361,4376.0
930,1362,4436.0
931,1363,4405.0
932,1364,4456.0
933,1365,4434.0
934,1369,4596.0
935,1370,4592.0
936,1371,4581.0
937,1372,4507.0
938,1373,4577.0
939,1374,4557.0
940,1375,4509.0
941,1376,4531.0
942,1377,4542.0
943,1378,4625.0
944,1379,4628.0
945,1380,4534.0
946,1381,4568.0
947,1382,4504.0
948,1383,4519.0
949,1384,4593.0
950,1385,4545.0
951,1389,4781.0
952,1390,4757.0
953,1391,4645.0
954,1392,4679.0
955,1393,4648.0
956,1394,4689.0
957,1395,4682.0
958,1396,4704.0
959,1397,4657.0
960,1398,4734.0
961,1399,4743.0
962,1400,4751.0
963,1437,4996.0
964,1440,4997.0
965,1465,5000.0
966,1472,5001.0
967,1475,5002.0
968,1478,5003.0
969,1485,5004.0
970,1490,5005.0
971,1500,5006.0
972,1503,5007.0
973,1509,5008.0
974,1515,5009.0
975,1521,5010.0
976,1525,5011.0
977,1533,4942.0
978,1534,5012.0
979,1538,5015.0
980,1539,5016.0
981,1555,4949.0
982,1612,5017.0
983,1812,5018.0
984,1816,5019.0
985,1820,5020.0
986,1822,5021.0
987,1824,5022.0
988,1826,5023.0
989,1828,5024.0
990,1830,5025.0
991,1832,5026.0
992,1834,5027.0
993,1836,5028.0
994,1838,5029.0
995,1840,5030.0
996,1864,5031.0
997,1867,5032.0
998,1871,5033.0
999,1874,5034.0
1000,1883,47.0
1001,1930,2639.0
1002,1933,1235.0
1003,1946,5035.0
1004,1959,1853.0
1005,1974,1126.0
1006,1975,1294.0
1007,1980,1833.0
1008,2001,2104.0
1009,2004,2190.0
1010,2007,5036.0
1011,2017,5037.0
1012,2023,5038.0
1013,2033,1305.0
1014,2268,2103.0
1015,2312,4955.0
1016,2318,3138.0
1017,2327,3403.0
1018,2342,5039.0
1019,2533,5040.0
1020,2537,2038.0
1021,2550,5041.0
1022,2553,5042.0
1023,2555,5043.0
1024,2563,921.0
1025,2571,5044.0
1026,2573,5045.0
1027,2575,5046.0
1028,2577,5047.0
1029,2580,5048.0
1030,2589,5049.0
1031,2592,1577.0
1032,2671,2281.0
1033,2701,954.0
1034,3194,0.0
1035,3216,2357.0
1036,3218,2398.0
1037,3219,2380.0
1038,3220,2332.0
1039,3446,5050.0
1040,3448,5051.0
1041,73148,2214.0
1042,73560,1170.0
1043,73563,5068.0
1044,74138,2363.0
1045,74139,577.0
1046,74140,2046.0
1047,74147,5069.0
1048,74185,4908.0
1049,74624,2657.0
1050,74644,1056.0
1051,74653,3463.0
1052,74654,3393.0
1053,74659,4498.0
1054,74661,4491.0
1055,74663,2653.0
1056,74665,2642.0
1057,74668,333.0
1058,74670,326.0
1059,74671,2626.0
1060,74673,2620.0
1061,74688,2256.0
1062,74717,2576.0
1063,74718,2179.0
1064,74719,1159.0
1065,74730,3378.0
1066,74731,3374.0
1067,74732,512.0
1068,74734,3367.0
1069,74785,3046.0
1070,74787,3023.0
1071,74788,2568.0
1072,74790,2535.0
1073,74791,2534.0
1074,74792,2507.0
1075,74793,2460.0
1076,74803,3169.0
1077,74804,2497.0
1078,74805,2395.0
1079,74806,5052.0
1080,74807,1954.0
1081,74832,1149.0
1082,74843,2496.0
1083,74852,5054.0
1084,74855,1127.0
1085,74856,1098.0
1086,74861,2477.0
1087,74887,1964.0
1088,74894,1226.0
1089,74895,840.0
1090,74915,5056.0
1091,74946,2445.0
1092,74947,2355.0
1093,74984,2831.0
1094,75004,3538.0
1095,75013,3488.0
1096,75014,2231.0
1097,75016,1992.0
1098,75017,1636.0
1099,75019,1500.0
1100,75020,733.0
1101,75023,5060.0
1102,75029,1379.0
1103,75030,1372.0
1104,75035,5061.0
1105,75037,4508.0
1106,75038,2081.0
1107,75092,635.0
1108,75093,5062.0
1109,75097,1792.0
1110,75098,5063.0
1111,75101,2372.0
1112,75105,2368.0
1113,75107,2365.0
1114,75167,1750.0
1115,75168,1330.0
1116,75185,5064.0
1117,75186,4525.0
1118,75187,4081.0
1119,75188,4378.0
1120,75189,3341.0
1121,75199,3338.0
1122,75202,4236.0
1123,75207,4231.0
1124,75238,3788.0
1125,75245,3335.0
1126,75246,5066.0
1127,75247,2334.0
1128,75248,4580.0
1129,75249,2333.0
1130,75250,1715.0
1131,75251,1633.0
1132,75252,3936.0
1133,75253,4575.0
1134,75260,1476.0
1135,75261,1431.0
1136,75264,3170.0
1137,75270,3143.0
1138,75319,2331.0
1139,75338,2463.0
1140,75351,2322.0
1141,75357,2317.0
1142,75372,4506.0
1143,75373,3068.0
1144,75384,2947.0
1145,75386,2633.0
1146,75387,4606.0
1147,75389,1585.0
1148,75390,1473.0
1149,75391,850.0
1150,75392,2248.0
1151,75394,2202.0
1152,75523,4616.0
1153,75526,4495.0
1154,75527,4496.0
1155,75529,4501.0
1156,75531,2030.0
1157,75536,4497.0
1158,75538,4494.0
1159,75539,2024.0
1160,75558,1970.0
1161,75559,1784.0
1162,75560,4420.0
1163,75562,2415.0
1164,75563,2344.0
1165,75567,1999.0
1166,75582,1979.0
1167,75583,1794.0
1168,75584,1760.0
1169,75585,1651.0
1170,75586,1045.0
1171,75611,381.0
1172,75636,3785.0
1173,75645,4538.0
1174,75646,2877.0
1175,75647,3371.0
1176,75662,1599.0
1177,75663,1575.0
1178,75664,1848.0
1179,75667,1810.0
1180,75668,1885.0
1181,75669,1535.0
1182,75670,3965.0
1183,75672,3820.0
1184,75679,1276.0
1185,75682,4102.0
1186,75683,2985.0
1187,75686,2407.0
1188,75691,2184.0
1189,75692,2917.0
1190,75693,3385.0
1191,75712,2181.0
1192,75743,4217.0
1193,75770,4636.0
1194,75773,4641.0
1195,75775,2158.0
1196,75776,2129.0
1197,75781,4567.0
1198,75783,4565.0
1199,75788,4631.0
1200,75791,4633.0
1201,75793,2918.0
1202,75801,2508.0
1203,75802,3945.0
1204,75803,2174.0
1205,75804,2987.0
1206,75805,4554.0
1207,75808,4556.0
1208,75809,4559.0
1209,75810,4630.0
1210,75811,4634.0
1211,75813,4643.0
1212,75814,4640.0
1213,75817,3112.0
1214,75851,2732.0
1215,75866,2152.0
1216,75867,922.0
1217,75868,4149.0
1218,75914,4551.0
1219,75916,4552.0
1220,75921,4562.0
1221,75922,2361.0
1222,75923,2343.0
1223,75926,1581.0
1224,75928,875.0
1225,75930,3602.0
1226,75953,3594.0
1227,75987,3162.0
1228,75991,4361.0
1229,75992,2988.0
1230,75994,610.0
1231,75995,4566.0
1232,75999,1968.0
1233,76000,1390.0
1234,76001,1134.0
1235,76011,4601.0
1236,76013,3407.0
1237,76015,1059.0
1238,76062,4583.0
1239,76064,4589.0
1240,76065,4595.0
1241,76067,4411.0
1242,76068,4594.0
1243,76071,2921.0
1244,76075,2990.0
1245,76077,1564.0
1246,76078,4268.0
1247,76080,4599.0
1248,76082,4598.0
1249,76083,4063.0
1250,76084,3777.0
1251,76091,3581.0
1252,76142,3494.0
1253,76144,4588.0
1254,76148,3373.0
1255,76154,1712.0
1256,76155,1660.0
1257,76156,4587.0
1258,76158,3423.0
1259,76159,3375.0
1260,76179,3033.0
1261,76255,2704.0
1262,76260,2411.0
1263,76337,2358.0
1264,76339,4478.0
1265,76340,3021.0
1266,76355,2992.0
1267,76357,2923.0
1268,76358,1591.0
1269,76359,1463.0
1270,76360,1313.0
1271,76388,3468.0
1272,76389,4615.0
1273,76391,2993.0
1274,76393,1019.0
1275,76401,889.0
1276,76410,311.0
1277,76412,981.0
1278,76413,399.0
1279,76430,313.0
1280,76433,3422.0
1281,76434,1228.0
1282,76441,729.0
1283,76445,2887.0
1284,76451,3172.0
1285,76476,3157.0
1286,76478,2554.0
1287,76479,2233.0
1288,76487,634.0
1289,76488,2927.0
1290,76494,491.0
1291,76495,4469.0
1292,76503,2997.0
1293,76505,3735.0
1294,76514,2232.0
1295,76527,2116.0
1296,76543,393.0
1297,76596,2998.0
1298,76598,2965.0
1299,76599,2099.0
1300,76601,2097.0
1301,76613,4124.0
1302,76614,4427.0
1303,76615,3063.0
1304,76616,1640.0
1305,76623,2292.0
1306,76637,2083.0
1307,76681,2079.0
1308,76706,1067.0
1309,76726,2930.0
1310,76728,2066.0
1311,76729,2050.0
1312,76730,2045.0
1313,76742,2044.0
1314,76753,2041.0
1315,76757,2039.0
1316,76766,2450.0
1317,76788,2347.0
1318,76789,2326.0
1319,76799,2139.0
1320,76800,3076.0
1321,76867,2029.0
1322,76868,3922.0
1323,76869,2968.0
1324,76880,3001.0
1325,76888,3299.0
1326,76889,3298.0
1327,76890,3002.0
1328,76891,2386.0
1329,76901,2384.0
1330,76913,2381.0
1331,76914,2379.0
1332,76917,836.0
1333,76945,2153.0
1334,76946,1023.0
1335,76972,3336.0
1336,76987,3164.0
1337,77006,4224.0
1338,77007,3028.0
1339,77008,2895.0
1340,77009,2855.0
1341,77015,961.0
1342,77017,3805.0
1343,77025,4249.0
1344,77080,3613.0
1345,77096,2856.0
1346,77102,3089.0
1347,77160,3030.0
1348,77212,2443.0
1349,77215,4060.0
1350,77216,2933.0
1351,77253,1755.0
1352,77254,1665.0
1353,77255,1366.0
1354,77265,745.0
1355,77289,2065.0
1356,77290,1187.0
1357,77328,3582.0
1358,77350,3606.0
1359,77358,2242.0
1360,77368,2229.0
1361,77417,2271.0
1362,77426,382.0
1363,77444,2934.0
1364,77446,2166.0
1365,77454,1215.0
1366,77460,647.0
1367,77461,3412.0
1368,77462,4195.0
1369,77463,3510.0
1370,77464,4012.0
1371,77466,4479.0
1372,77467,4381.0
1373,77468,4155.0
1374,77473,3060.0
1375,77484,3745.0
1376,77524,2854.0
1377,77525,2662.0
1378,77541,2482.0
1379,77542,2327.0
1380,77543,1696.0
1381,77544,1632.0
1382,77546,1408.0
1383,77547,1648.0
1384,77548,1574.0
1385,77549,3005.0
1386,77551,2972.0
1387,77554,1572.0
1388,77555,1466.0
1389,77556,768.0
1390,77565,724.0
1391,77566,3409.0
1392,77567,939.0
1393,77568,841.0
1394,77581,632.0
1395,77582,3564.0
1396,77636,2898.0
1397,77637,574.0
1398,77656,4177.0
1399,77717,4137.0
1400,77718,3554.0
1401,77719,1424.0
1402,77721,1380.0
1403,77729,1175.0
1404,77742,1041.0
1405,77744,1039.0
1406,77763,1022.0
1407,77768,722.0
1408,77782,529.0
1409,77785,4161.0
1410,77831,3455.0
1411,77832,1301.0
1412,77840,4181.0
1413,77862,3810.0
1414,77863,2899.0
1415,77865,2709.0
1416,77868,2973.0
1417,77870,2949.0
1418,77871,720.0
1419,77876,2974.0
1420,77879,386.0
1421,77882,4197.0
1422,77884,3596.0
1423,77886,292.0
1424,77889,3551.0
1425,77892,1401.0
1426,77901,2902.0
1427,77903,2122.0
1428,77904,2976.0
1429,77907,1628.0
1430,77908,1356.0
1431,77929,1024.0
1432,77956,2862.0
1433,77963,4079.0
1434,77965,4258.0
1435,77996,4132.0
1436,77997,3174.0
1437,77998,3142.0
1438,78010,2940.0
1439,78011,2903.0
1440,78013,2515.0
1441,78014,1480.0
1442,78015,2941.0
1443,78024,2942.0
1444,78025,1820.0
1445,78026,4174.0
1446,78033,4257.0
1447,78037,3527.0
1448,78039,1051.0
1449,78053,570.0
1450,78071,2905.0
1451,78073,2979.0
1452,78075,329.0
1453,78078,561.0
1454,78097,3396.0
1455,78103,3939.0
1456,78105,2906.0
1457,78107,2943.0
1458,78109,2866.0
1459,78118,2701.0
1460,78122,2699.0
1461,78129,2692.0
1462,78145,2981.0
1463,78148,3786.0
1464,78166,1521.0
1465,78167,1456.0
1466,78168,1421.0
1467,78169,1412.0
1468,78170,1398.0
1469,78171,1396.0
1470,78172,1116.0
1471,78175,951.0
1472,78176,4977.0
1473,78177,2579.0
1474,78179,2408.0
1475,78184,1627.0
1476,78185,1447.0
1477,78186,1425.0
1478,78217,1172.0
1479,78229,949.0
1480,78230,821.0
1481,78237,718.0
1482,78287,568.0
1483,78306,3931.0
1484,78310,2660.0
1485,78317,2321.0
1486,78323,2054.0
1487,78328,4979.0
1488,78331,3004.0
1489,78332,2989.0
1490,78334,509.0
1491,78336,2983.0
1492,78337,2967.0
1493,78339,2932.0
1494,78340,2931.0
1495,78341,962.0
1496,78342,972.0
1497,78344,2792.0
1498,78345,2680.0
1499,78348,2556.0
1500,78361,1274.0
1501,78363,1252.0
1502,78387,1152.0
1503,78401,950.0
1504,78404,838.0
1505,78422,826.0
1506,78439,2219.0
1507,78467,1723.0
1508,78468,1253.0
1509,78488,1359.0
1510,78493,1328.0
1511,78502,1302.0
1512,78546,4140.0
1513,78547,1262.0
1514,78550,1225.0
1515,78572,787.0
1516,78595,3166.0
1517,78643,3052.0
1518,78667,2211.0
1519,78687,2100.0
1520,78696,2095.0
1521,78701,1839.0
1522,78703,3552.0
1523,78704,3967.0
1524,78705,4184.0
1525,78743,2304.0
1526,78748,2268.0
1527,78753,2147.0
1528,78761,1695.0
1529,78762,1586.0
1530,78763,1180.0
1531,78769,3330.0
1532,78810,3158.0
1533,78813,3106.0
1534,78850,3508.0
1535,78851,2084.0
1536,78852,1322.0
1537,78867,1307.0
1538,78869,757.0
1539,78889,901.0
1540,78897,3053.0
1541,78937,654.0
1542,78938,3796.0
1543,78946,3126.0
1544,78947,3036.0
1545,78948,2603.0
1546,78951,2627.0
1547,78953,3148.0
1548,78954,2305.0
1549,78968,4115.0
1550,78969,3448.0
1551,78971,2227.0
1552,78975,2204.0
1553,79013,1346.0
1554,79017,4201.0
1555,79021,2377.0
1556,79028,1470.0
1557,79029,1378.0
1558,79061,1283.0
1559,79064,1256.0
1560,79098,3772.0
1561,79110,1700.0
1562,79119,4406.0
1563,79120,1190.0
1564,79132,1604.0
1565,79133,1600.0
1566,79134,815.0
1567,79165,536.0
1568,79167,4468.0
1569,79168,1222.0
1570,79173,555.0
1571,79176,402.0
1572,79177,1092.0
1573,79190,2750.0
1574,79191,2742.0
1575,79192,2484.0
1576,79210,488.0
1577,79241,385.0
1578,79295,375.0
1579,79309,3456.0
1580,79310,3417.0
1581,79311,1103.0
1582,79326,539.0
1583,79327,3495.0
1584,79328,3740.0
1585,79341,3482.0
1586,79342,4464.0
1587,79343,3439.0
1588,79344,1384.0
1589,79367,1367.0
1590,79378,1354.0
1591,79383,1351.0
1592,79405,1165.0
1593,79416,3607.0
1594,79444,4439.0
1595,79445,2644.0
1596,79454,3405.0
1597,79455,4260.0
1598,79510,3343.0
1599,79515,3320.0
1600,79523,2561.0
1601,79524,3151.0
1602,79596,3128.0
1603,79598,3114.0
1604,79623,2475.0
1605,79632,2191.0
1606,79654,2189.0
1607,79690,2354.0
1608,79695,2337.0
1609,79731,793.0
1610,79743,3111.0
1611,79769,3603.0
1612,79819,4242.0
1613,79873,3326.0
1614,79917,2177.0
1615,79918,4083.0
1616,79919,3069.0
1617,79999,1279.0
1618,80002,2009.0
1619,80012,3080.0
1620,80016,3078.0
1621,80017,2432.0
1622,80071,4166.0
1623,80125,1273.0
1624,80149,533.0
1625,80151,4190.0
1626,80181,4094.0
1627,80182,3966.0
1628,80183,3632.0
1629,80205,3125.0
1630,80216,2316.0
1631,80219,2251.0
1632,80225,2118.0
1633,80248,776.0
1634,80259,607.0
1635,80260,546.0
1636,80269,3986.0
1637,80270,4359.0
1638,80271,1615.0
1639,80272,2102.0
1640,80273,2035.0
1641,80274,2713.0
1642,80279,2628.0
1643,80280,2582.0
1644,80282,1219.0
1645,80295,1166.0
1646,80308,3018.0
1647,80331,2770.0
1648,80332,2476.0
1649,80356,2397.0
1650,80358,2382.0
1651,80361,2373.0
1652,80363,2119.0
1653,80364,1512.0
1654,80366,1385.0
1655,80389,1120.0
1656,80399,1084.0
1657,80410,1370.0
1658,80411,4042.0
1659,80889,656.0
1660,80890,681.0
1661,80892,1402.0
1662,80893,1388.0
1663,80894,1319.0
1664,80907,1071.0
1665,80919,1068.0
1666,80942,3520.0
1667,80948,1343.0
1668,80949,1139.0
1669,80962,3368.0
1670,80972,2196.0
1671,80977,1326.0
1672,80987,1325.0
1673,80992,1324.0
1674,81001,3643.0
1675,81027,3397.0
1676,81028,1415.0
1677,81029,1377.0
1678,81039,2115.0
1679,81040,1613.0
1680,81090,4034.0
1681,81091,2247.0
1682,81104,833.0
1683,81114,2276.0
1684,81115,2217.0
1685,81116,673.0
1686,81118,660.0
1687,81119,2681.0
1688,81125,2614.0
1689,81126,2008.0
1690,81127,1956.0
1691,81137,1727.0
1692,81139,1709.0
1693,81141,1373.0
1694,81149,817.0
1695,81152,2573.0
1696,81153,2325.0
1697,81156,827.0
1698,81172,3990.0
1699,81197,652.0
1700,81198,2505.0
1701,81291,2293.0
1702,81292,1739.0
1703,81293,2562.0
1704,81294,2394.0
1705,81309,2385.0
1706,81340,1248.0
1707,81343,3097.0
1708,81390,2714.0
1709,81395,2659.0
1710,81399,1618.0
1711,81448,1710.0
1712,81449,676.0
1713,81451,2682.0
1714,81468,2525.0
1715,81469,4437.0
1716,81470,4425.0
1717,81504,3921.0
1718,81505,4128.0
1719,81506,3757.0
1720,81519,3617.0
1721,81548,2547.0
1722,81549,2537.0
1723,81570,1795.0
1724,81571,3048.0
1725,81591,3035.0
1726,81617,4392.0
1727,81618,4262.0
1728,81653,4056.0
1729,81655,679.0
1730,81657,665.0
1731,81658,686.0
1732,81659,1148.0
1733,81662,383.0
1734,81665,2250.0
1735,81669,1721.0
1736,81670,1142.0
1737,81681,818.0
1738,81693,3774.0
1739,81705,1176.0
1740,81724,1125.0
1741,81729,1111.0
1742,81745,4386.0
1743,81748,668.0
1744,81752,3517.0
1745,81753,1254.0
1746,81754,842.0
1747,81767,558.0
1748,81783,4143.0
1749,81784,964.0
1750,81797,1836.0
1751,81798,3526.0
1752,81809,3754.0
1753,81819,3943.0
1754,81821,3763.0
1755,81826,3491.0
1756,81827,3137.0
1757,81829,2836.0
1758,81830,1206.0
1759,81839,1203.0
1760,81847,2421.0
1761,81862,1611.0
1762,81863,1502.0
1763,81864,1376.0
1764,81883,1075.0
1765,81921,1445.0
1766,81922,3153.0
1767,81959,3144.0
1768,81976,3129.0
1769,81978,3098.0
1770,82026,3066.0
1771,82087,3042.0
1772,82138,3014.0
1773,82148,528.0
1774,82156,2258.0
1775,82157,2175.0
1776,82166,3034.0
1777,82223,2319.0
1778,82228,1601.0
1779,82229,1352.0
1780,82232,1016.0
1781,82237,881.0
1782,82238,772.0
1783,82241,2267.0
1784,82274,3328.0
1785,82276,2340.0
1786,82277,2107.0
1787,82286,1571.0
1788,82298,4244.0
1789,82300,4230.0
1790,82329,3530.0
1791,82332,2311.0
1792,82341,2075.0
1793,82361,1580.0
1794,82362,2868.0
1795,82374,2982.0
1796,82376,986.0
1797,82377,1003.0
1798,82378,1004.0
1799,82379,2602.0
1800,82532,2908.0
1801,82533,1153.0
1802,82534,1108.0
1803,82569,1851.0
1804,82576,572.0
1805,82591,562.0
1806,82613,1310.0
1807,82622,1144.0
1808,82623,1095.0
1809,82634,1091.0
1810,82638,1422.0
1811,82639,1387.0
1812,82640,1289.0
1813,82642,2465.0
1814,82644,2461.0
1815,82648,1107.0
1816,82651,621.0
1817,82653,510.0
1818,82655,1953.0
1819,82666,1761.0
1820,82668,3539.0
1821,82669,3559.0
1822,82671,2188.0
1823,82691,1624.0
1824,82692,1414.0
1825,82693,1335.0
1826,82700,2187.0
1827,82716,2089.0
1828,82722,1780.0
1829,82723,537.0
1830,82728,1124.0
1831,82736,1088.0
1832,82738,1183.0
1833,82741,1106.0
1834,82761,4239.0
1835,82777,4266.0
1836,82806,3644.0
1837,82831,3638.0
1838,82834,770.0
1839,82903,644.0
1840,82906,1676.0
1841,82919,3798.0
1842,82932,3741.0
1843,82948,920.0
1844,82950,2533.0
1845,82951,2091.0
1846,82952,2010.0
1847,82960,3598.0
1848,82969,4487.0
1849,82970,2351.0
1850,82973,1765.0
1851,83030,3762.0
1852,83039,3917.0
1853,83040,3882.0
1854,83041,3904.0
1855,83043,2469.0
1856,83045,1677.0
1857,83047,4243.0
1858,83055,2776.0
1859,83056,4369.0
1860,83057,3599.0
1861,83063,4133.0
1862,83064,4220.0
1863,83068,2306.0
1864,83069,2215.0
1865,83070,2105.0
1866,83072,631.0
1867,83076,2783.0
1868,83077,1386.0
1869,83078,1104.0
1870,83108,1815.0
1871,83110,1671.0
1872,83111,3794.0
1873,83133,3737.0
1874,83155,3625.0
1875,83165,2434.0
1876,83166,2425.0
1877,83167,2418.0
1878,83169,2345.0
1879,83170,2058.0
1880,83183,1971.0
1881,83184,1776.0
1882,83185,1629.0
1883,83186,4408.0
1884,83187,3947.0
1885,83189,390.0
1886,83209,822.0
1887,83223,732.0
1888,83228,428.0
1889,83229,3533.0
1890,83230,3168.0
1891,83231,3107.0
1892,83272,3070.0
1893,83299,2193.0
1894,83301,2489.0
1895,83326,4171.0
1896,83359,4163.0
1897,83367,2694.0
1898,83374,3864.0
1899,83383,4200.0
1900,83416,4092.0
1901,83418,3885.0
1902,83420,823.0
1903,83456,2235.0
1904,83470,2151.0
1905,83471,2121.0
1906,83472,1547.0
1907,83473,3905.0
1908,83475,2234.0
1909,83510,370.0
1910,83536,3523.0
1911,83537,1978.0
1912,83573,1967.0
1913,83601,1713.0
1914,83602,1403.0
1915,83604,1393.0
1916,83605,1220.0
1917,83609,2101.0
1918,83610,814.0
1919,83612,4189.0
1920,83672,4160.0
1921,83685,4433.0
1922,83686,1737.0
1923,83687,1242.0
1924,83695,645.0
1925,83696,598.0
1926,83703,1223.0
1927,83707,756.0
1928,83722,940.0
1929,83723,1192.0
1930,83751,4191.0
1931,83808,2591.0
1932,83811,2610.0
1933,83853,2500.0
1934,83890,2287.0
1935,83919,2110.0
1936,83920,2040.0
1937,83922,1193.0
1938,83928,1168.0
1939,83932,693.0
1940,83937,4438.0
1941,83938,3113.0
1942,83940,3110.0
1943,83957,2829.0
1944,83958,3769.0
1945,83972,3817.0
1946,83989,1420.0
1947,83990,1400.0
1948,83991,1399.0
1949,83992,3781.0
1950,84005,2473.0
1951,84006,2371.0
1952,84007,2085.0
1953,84010,704.0
1954,84011,625.0
1955,84012,1323.0
1956,84033,1191.0
1957,84047,932.0
1958,84049,784.0
1959,84068,2299.0
1960,84072,1237.0
1961,84079,1212.0
1962,84085,414.0
1963,84093,3601.0
1964,84101,1341.0
1965,84107,1329.0
1966,84111,4247.0
1967,84113,4612.0
1968,84116,1072.0
1969,84123,1058.0
1970,84126,1505.0
1971,84127,1350.0
1972,84131,849.0
1973,84132,843.0
1974,84141,2838.0
1975,84144,2260.0
1976,84145,1983.0
1977,84150,3136.0
1978,84177,2170.0
1979,84178,3992.0
1980,84179,3571.0
1981,84204,4431.0
1982,84205,1525.0
1983,84206,1227.0
1984,84220,3865.0
1985,84223,1210.0
1986,84226,1156.0
1987,84239,1138.0
1988,84241,1966.0
1989,84261,1553.0
1990,84262,780.0
1991,84271,1244.0
1992,84273,4402.0
1993,84274,4202.0
1994,84276,3410.0
1995,84277,1395.0
1996,84281,2289.0
1997,84282,2261.0
1998,84283,1658.0
1999,84286,2801.0
2000,84287,1161.0
2001,84290,4208.0
2002,84293,3825.0
2003,84295,2265.0
2004,84296,4151.0
2005,84298,4150.0
2006,84300,3765.0
2007,84316,553.0
2008,84349,4246.0
2009,84353,2093.0
2010,84369,1546.0
2011,84370,1360.0
2012,84401,3462.0
2013,84408,2061.0
2014,84435,3982.0
2015,84436,3590.0
2016,84437,2249.0
2017,84445,1772.0
2018,84446,640.0
2019,84463,3764.0
2020,84466,3610.0
2021,84476,2444.0
2022,84477,1331.0
2023,84487,3890.0
2024,84490,2159.0
2025,84491,2154.0
2026,84535,1492.0
2027,84538,3911.0
2028,84540,3050.0
2029,84542,1284.0
2030,84547,3960.0
2031,84578,3849.0
2032,84580,2197.0
2033,84591,1275.0
2034,84595,1030.0
2035,84601,4375.0
2036,84602,3615.0
2037,84625,2457.0
2038,84627,1771.0
2039,84628,3426.0
2040,84629,2186.0
2041,84631,1545.0
2042,84632,1232.0
2043,84634,1078.0
2044,84646,1736.0
2045,84647,779.0
2046,84652,777.0
2047,84667,748.0
2048,84684,592.0
2049,84690,4209.0
2050,84733,4120.0
2051,84734,3150.0
2052,84739,421.0
2053,84759,2015.0
2054,84760,1724.0
2055,84761,1405.0
2056,84762,388.0
2057,84767,2406.0
2058,84768,520.0
2059,84776,494.0
2060,84777,4173.0
2061,84831,4001.0
2062,84833,2359.0
2063,84849,3829.0
2064,84854,3913.0
2065,84857,2288.0
2066,84895,3914.0
2067,84898,3894.0
2068,84900,3852.0
2069,84902,3831.0
2070,84903,3915.0
2071,84905,3874.0
2072,84908,2126.0
2073,84930,1719.0
2074,84931,1455.0
2075,84932,4008.0
2076,84933,4216.0
2077,84965,3175.0
2078,84975,3147.0
2079,84976,2523.0
2080,84977,2003.0
2081,84991,4047.0
2082,84992,4045.0
2083,84993,3834.0
2084,84994,3835.0
2085,84998,4192.0
2086,85009,2064.0
2087,85080,703.0
2088,85084,2833.0
2089,85085,2423.0
2090,85086,1028.0
2091,85089,918.0
2092,85090,3542.0
2093,85091,3919.0
2094,85099,2077.0
2095,85100,1758.0
2096,85101,1374.0
2097,85107,1321.0
2098,85110,1854.0
2099,85111,3334.0
2100,85115,2185.0
2101,85121,2014.0
2102,85132,2449.0
2103,85138,989.0
2104,85140,970.0
2105,85144,2022.0
2106,85145,3182.0
2107,85210,3567.0
2108,85231,2020.0
2109,85232,1198.0
2110,85245,3006.0
2111,85277,2847.0
2112,85278,2518.0
2113,85279,3903.0
2114,85282,971.0
2115,85284,1845.0
2116,85285,1855.0
2117,85286,2210.0
2118,85291,2032.0
2119,85292,1007.0
2120,85294,3880.0
2121,85297,3983.0
2122,85298,2001.0
2123,85304,3881.0
2124,85307,1994.0
2125,85320,3534.0
2126,85321,2486.0
2127,85322,3165.0
2128,85370,2429.0
2129,85371,3453.0
2130,85372,2480.0
2131,85382,2470.0
2132,85387,1891.0
2133,85389,1703.0
2134,85398,4527.0
2135,85403,3743.0
2136,85419,3496.0
2137,85421,4127.0
2138,85423,3391.0
2139,85466,3096.0
2140,85473,3443.0
2141,85474,3435.0
2142,85505,3387.0
2143,85525,3386.0
2144,85536,2711.0
2145,85537,2695.0
2146,85539,1990.0
2147,85556,1541.0
2148,85557,935.0
2149,85559,845.0
2150,85571,766.0
2151,85586,3787.0
2152,85599,2087.0
2153,85644,1819.0
2154,85645,1008.0
2155,85646,991.0
2156,85647,2883.0
2157,85656,3822.0
2158,85668,1537.0
2159,85676,808.0
2160,85686,3619.0
2161,85709,3058.0
2162,85712,2706.0
2163,85714,3020.0
2164,85715,2676.0
2165,85718,1136.0
2166,85719,759.0
2167,85727,2647.0
2168,85733,734.0
2169,85736,1858.0
2170,85737,731.0
2171,85739,619.0
2172,85740,1612.0
2173,85742,1009.0
2174,85743,1010.0
2175,85753,1444.0
2176,85754,530.0
2177,85766,3580.0
2178,85788,3624.0
2179,85874,1859.0
2180,85880,4423.0
2181,85881,2595.0
2182,85883,1146.0
2183,85886,1035.0
2184,85897,1032.0
2185,85900,1822.0
2186,85901,1031.0
2187,85904,1029.0
2188,85915,917.0
2189,85916,581.0
2190,85920,1434.0
2191,85921,1391.0
2192,85922,1382.0
2193,85925,3471.0
2194,85926,4088.0
2195,85928,2225.0
2196,85929,2163.0
2197,85941,1860.0
2198,85942,1468.0
2199,85943,1419.0
2200,85944,1342.0
2201,85949,400.0
2202,85976,995.0
2203,85978,976.0
2204,85979,762.0
2205,85988,4480.0
2206,85989,963.0
2207,85990,4159.0
2208,86060,3626.0
2209,86062,3782.0
2210,86064,4205.0
2211,86068,4031.0
2212,86069,1338.0
2213,86079,1862.0
2214,86097,1213.0
2215,86104,1824.0
2216,86105,996.0
2217,86108,3756.0
2218,86116,3751.0
2219,86128,3477.0
2220,86129,4046.0
2221,86132,4100.0
2222,86133,1251.0
2223,86146,1234.0
2224,86147,1204.0
2225,86161,997.0
2226,86163,4254.0
2227,86173,4250.0
2228,86204,2314.0
2229,86207,2131.0
2230,86208,4041.0
2231,86212,998.0
2232,86214,979.0
2233,86215,1899.0
2234,86219,410.0
2235,86236,980.0
2236,86237,380.0
2237,86247,2364.0
2238,86269,2324.0
2239,86272,1864.0
2240,86273,1865.0
2241,86275,3544.0
2242,86284,525.0
2243,86285,486.0
2244,86287,1901.0
2245,86289,3183.0
2246,86291,3108.0
2247,86326,426.0
2248,86330,407.0
2249,86352,1829.0
2250,86355,1902.0
2251,86359,2125.0
2252,86360,3989.0
2253,86361,2140.0
2254,86392,2071.0
2255,86394,2012.0
2256,86398,1981.0
2257,86438,1018.0
2258,86475,433.0
2259,86477,1830.0
2260,86478,2869.0
2261,86483,1831.0
2262,86484,2909.0
2263,86493,2763.0
2264,86499,723.0
2265,86548,511.0
2266,86553,2458.0
2267,86554,3131.0
2268,86556,1055.0
2269,86560,3535.0
2270,86563,2096.0
2271,86597,3570.0
2272,86630,3450.0
2273,86631,3428.0
2274,86632,3799.0
2275,86645,4223.0
2276,86685,1514.0
2277,86692,1353.0
2278,86710,1888.0
2279,86711,1887.0
2280,86712,2870.0
2281,86722,1797.0
2282,86733,4072.0
2283,86734,4021.0
2284,86740,1430.0
2285,86745,1369.0
2286,86748,1336.0
2287,86755,1099.0
2288,86760,811.0
2289,86794,2752.0
2290,86799,2689.0
2291,86801,3595.0
2292,86831,3501.0
2293,86832,2849.0
2294,86833,2805.0
2295,86834,824.0
2296,86851,705.0
2297,86862,3470.0
2298,86863,4117.0
2299,86864,798.0
2300,86912,1896.0
2301,86932,3819.0
2302,86944,2569.0
2303,86955,1874.0
2304,86956,2302.0
2305,86957,1963.0
2306,86967,1662.0
2307,86968,1128.0
2308,86990,1238.0
2309,86995,2120.0
2310,87013,1312.0
2311,87022,1263.0
2312,87029,1245.0
2313,87032,1062.0
2314,87038,1020.0
2315,87049,1173.0
2316,87055,1135.0
2317,87059,1093.0
2318,87062,829.0
2319,87074,331.0
2320,87082,820.0
2321,87111,691.0
2322,87114,588.0
2323,87117,3934.0
2324,87121,1674.0
2325,87127,1659.0
2326,87128,308.0
2327,87144,1801.0
2328,87145,1285.0
2329,87151,713.0
2330,87156,855.0
2331,87157,505.0
2332,87168,2438.0
2333,87220,1976.0
2334,87248,1701.0
2335,87250,1247.0
2336,87254,627.0
2337,87255,571.0
2338,87258,1747.0
2339,87259,1840.0
2340,87261,2872.0
2341,87270,332.0
2342,87271,858.0
2343,87272,4387.0
2344,87273,3572.0
2345,87303,1038.0
2346,87323,3739.0
2347,87343,2436.0
2348,87346,2308.0
2349,87347,2272.0
2350,87348,3784.0
2351,87350,4415.0
2352,87351,2422.0
2353,87356,2155.0
2354,87359,1841.0
2355,87362,1803.0
2356,87363,2106.0
2357,87370,2057.0
2358,87375,1608.0
2359,87376,1578.0
2360,87377,3105.0
2361,87410,2948.0
2362,87412,3806.0
2363,87429,1842.0
2364,87433,1169.0
2365,87451,1164.0
2366,87511,1720.0
2367,87522,3583.0
2368,87574,470.0
2369,87575,3561.0
2370,87581,3077.0
2371,87653,3015.0
2372,87656,2825.0
2373,87679,2506.0
2374,87680,2180.0
2375,87698,1691.0
2376,87699,1558.0
2377,87717,3090.0
2378,87782,2646.0
2379,87785,1361.0
2380,87790,4147.0
2381,87793,802.0
2382,87802,792.0
2383,87822,2685.0
2384,87834,2611.0
2385,87841,1021.0
2386,87867,2378.0
2387,87871,2192.0
2388,87883,2269.0
2389,87905,4185.0
2390,87910,4383.0
2391,87911,2874.0
2392,87918,2111.0
2393,87939,3029.0
2394,88016,1843.0
2395,88020,2875.0
2396,88028,2036.0
2397,88043,1280.0
2398,88050,1162.0
2399,88055,1133.0
2400,88066,847.0
2401,88068,2634.0
2402,88069,2063.0
2403,88070,1259.0
2404,88079,4066.0
2405,88101,1583.0
2406,88102,2059.0
2407,88195,1110.0
2408,88206,1094.0
2409,88212,758.0
2410,88224,1844.0
2411,88226,1808.0
2412,88227,695.0
2413,88230,597.0
2414,88254,559.0
2415,88278,4465.0
2416,88279,4193.0
2417,88321,4470.0
2418,88322,3566.0
2419,88336,3156.0
2420,88383,3099.0
2421,88387,2563.0
2422,88388,2401.0
2423,88391,1224.0
2424,88393,1177.0
2425,88394,1082.0
2426,88395,902.0
2427,88397,1711.0
2428,88398,1667.0
2429,88399,2033.0
2430,88401,2876.0
2431,88405,2950.0
2432,88406,378.0
2433,88421,4269.0
2434,88422,3550.0
2435,88423,3525.0
2436,88424,1847.0
2437,88425,1809.0
2438,88426,1475.0
2439,88427,4401.0
2440,88428,1292.0
2441,88432,1171.0
2442,88460,1137.0
2443,88461,1073.0
2444,88485,1025.0
2445,88539,2026.0
2446,88541,835.0
2447,88551,764.0
2448,88598,2374.0
2449,88616,2328.0
2450,88617,2278.0
2451,88618,2051.0
2452,88626,2013.0
2453,88630,1731.0
2454,88631,1672.0
2455,88632,1437.0
2456,88634,2209.0
2457,88635,1955.0
2458,88656,1619.0
2459,88657,1311.0
2460,88682,1298.0
2461,88685,1297.0
2462,88688,1296.0
2463,88695,1281.0
2464,88700,2577.0
2465,88702,2257.0
2466,88721,2230.0
2467,88740,2164.0
2468,88767,3812.0
2469,88811,547.0
2470,88815,1551.0
2471,88816,3553.0
2472,88819,1554.0
2473,88820,1459.0
2474,88821,1314.0
2475,88825,1257.0
2476,88829,3369.0
2477,88840,4547.0
2478,88841,3141.0
2479,88846,3013.0
2480,88880,2437.0
2481,88910,2360.0
2482,88911,1460.0
2483,88912,1141.0
2484,88918,1052.0
2485,88920,1043.0
2486,88943,1526.0
2487,88946,2762.0
2488,88947,2665.0
2489,88952,2648.0
2490,88954,2389.0
2491,88968,2424.0
2492,88972,2273.0
2493,89027,2000.0
2494,89028,2853.0
2495,89033,2216.0
2496,89060,2055.0
2497,89076,1790.0
2498,89077,1488.0
2499,89078,1461.0
2500,89079,1448.0
2501,89083,903.0
2502,89084,2781.0
2503,89085,1722.0
2504,89086,1507.0
2505,89087,1496.0
2506,89088,1467.0
2507,89089,3532.0
2508,89109,3372.0
2509,89138,2403.0
2510,89140,2391.0
2511,89166,1087.0
2512,89173,934.0
2513,89174,3079.0
2514,89175,2688.0
2515,89177,2329.0
2516,89178,586.0
2517,89181,844.0
2518,89191,1957.0
2519,89195,1147.0
2520,89198,1066.0
2521,89204,1065.0
2522,89221,4226.0
2523,89274,1716.0
2524,89275,1544.0
2525,89276,1501.0
2526,89277,1483.0
2527,89278,1345.0
2528,89279,1337.0
2529,89300,1333.0
2530,89301,754.0
2531,89329,3733.0
2532,89344,4416.0
2533,89345,4397.0
2534,89346,3329.0
2535,89348,2171.0
2536,89349,1753.0
2537,89350,2832.0
2538,89351,1255.0
2539,89355,4261.0
2540,89356,4263.0
2541,89361,4071.0
2542,89362,831.0
2543,89369,796.0
2544,89396,795.0
2545,89404,744.0
2546,89422,4212.0
2547,89487,3499.0
2548,89488,3095.0
2549,89511,3038.0
2550,89531,2851.0
2551,89532,3579.0
2552,89557,2691.0
2553,89564,2088.0
2554,89565,1655.0
2555,89566,532.0
2556,89569,513.0
2557,89597,411.0
2558,89610,371.0
2559,89672,4240.0
2560,89700,4002.0
2561,89701,3773.0
2562,89713,3545.0
2563,89714,4204.0
2564,89724,3400.0
2565,89725,3975.0
2566,89726,2114.0
2567,89727,839.0
2568,89740,711.0
2569,89746,394.0
2570,89823,2237.0
2571,89846,2226.0
2572,89847,803.0
2573,89875,639.0
2574,89883,1182.0
2575,89885,1178.0
2576,89895,830.0
2577,89907,692.0
2578,89910,4017.0
2579,89911,3149.0
2580,89941,2471.0
2581,89942,2264.0
2582,89944,1704.0
2583,89945,1186.0
2584,89956,4172.0
2585,90038,556.0
2586,90056,538.0
2587,90057,412.0
2588,90058,3159.0
2589,90061,3056.0
2590,90088,4471.0
2591,90089,3416.0
2592,90091,3627.0
2593,90101,3933.0
2594,90102,2222.0
2595,90115,1207.0
2596,90119,1775.0
2597,90121,2710.0
2598,90125,2705.0
2599,90130,2220.0
2600,90139,1317.0
2601,90177,3314.0
2602,90178,2966.0
2603,90181,2999.0
2604,90190,4371.0
2605,90191,4194.0
2606,90194,3394.0
2607,90203,4259.0
2608,90207,1489.0
2609,90208,4608.0
2610,90210,4609.0
2611,90211,4642.0
2612,90212,3418.0
2613,90213,3747.0
2614,90226,790.0
2615,90237,773.0
2616,90263,563.0
2617,90297,3437.0
2618,90298,3414.0
2619,90299,4485.0
2620,90300,4203.0
2621,90304,2583.0
2622,90305,1440.0
2623,90306,2011.0
2624,90344,1309.0
2625,90351,637.0
2626,90353,2936.0
2627,90354,2977.0
2628,90367,661.0
2629,90368,2863.0
2630,90379,651.0
2631,90380,3543.0
2632,90381,1355.0
2633,90391,3457.0
2634,90392,1358.0
2635,90395,1113.0
2636,90402,810.0
2637,90430,3639.0
2638,90433,3801.0
2639,90876,2546.0
2640,90877,3888.0
2641,90878,3867.0
2642,90879,3826.0
2643,90881,2446.0
2644,90896,3339.0
2645,90913,650.0
2646,90914,3910.0
2647,90917,3827.0
2648,90919,4558.0
2649,90921,4550.0
2650,90923,672.0
2651,90924,2168.0
2652,90931,662.0
2653,90932,2165.0
2654,90965,1791.0
2655,90966,1779.0
2656,90967,3920.0
2657,90968,1626.0
2658,90969,1485.0
2659,90971,2279.0
2660,90989,2149.0
2661,90990,1562.0
2662,90991,3907.0
2663,90992,3916.0
2664,90994,655.0
2665,90995,1523.0
2666,90996,1522.0
2667,90998,373.0
2668,91013,365.0
2669,91064,3505.0
2670,91065,1411.0
2671,91066,1368.0
2672,91068,1272.0
2673,91069,1189.0
2674,91093,2172.0
2675,91097,2109.0
2676,91112,1151.0
2677,91115,1109.0
2678,91125,923.0
2679,91126,4265.0
2680,91130,3604.0
2681,91142,3814.0
2682,91163,4099.0
2683,91165,2498.0
2684,91166,2412.0
2685,91167,2323.0
2686,91168,2593.0
2687,91169,1303.0
2688,91218,425.0
2689,91221,1960.0
2690,91258,2658.0
2691,91275,2467.0
2692,91277,2198.0
2693,91281,2128.0
2694,91285,1487.0
2695,91309,664.0
2696,91310,653.0
2697,91316,4052.0
2698,91317,4036.0
2699,91319,3541.0
2700,91320,3465.0
2701,91321,3180.0
2702,91322,3415.0
2703,91327,3139.0
2704,91330,2766.0
2705,91331,2528.0
2706,91332,2527.0
2707,91334,2522.0
2708,91335,1122.0
2709,91337,1102.0
2710,91355,1057.0
2711,91360,4395.0
2712,91361,1973.0
2713,91383,683.0
2714,91385,1679.0
2715,91386,1650.0
2716,91387,1587.0
2717,91388,1556.0
2718,91389,1474.0
2719,91390,2654.0
2720,91396,2426.0
2721,91418,2550.0
2722,91420,1735.0
2723,91423,4591.0
2724,91428,1555.0
2725,91430,3160.0
2726,91431,677.0
2727,91432,1886.0
2728,91434,3101.0
2729,91435,3037.0
2730,91438,2619.0
2731,91443,366.0
2732,91467,4432.0
2733,91468,2078.0
2734,91536,1365.0
2735,91542,1357.0
2736,91547,1293.0
2737,91559,1167.0
2738,91574,1140.0
2739,91585,1079.0
2740,91591,3956.0
2741,91592,2318.0
2742,91593,941.0
2743,91594,794.0
2744,91599,769.0
2745,91608,752.0
2746,91625,2023.0
2747,91628,1001.0
2748,91629,2007.0
2749,91717,1692.0
2750,91731,3447.0
2751,91733,2060.0
2752,91735,1961.0
2753,91765,1286.0
2754,91766,1211.0
2755,91781,1002.0
2756,91783,2640.0
2757,91792,2200.0
2758,91793,966.0
2759,91794,2253.0
2760,91796,1278.0
2761,91805,1277.0
2762,91813,3616.0
2763,91823,1233.0
2764,91853,1188.0
2765,91855,1185.0
2766,91857,1089.0
2767,91862,765.0
2768,91870,717.0
2769,91873,3813.0
2770,91876,3981.0
2771,91877,1240.0
2772,91884,1205.0
2773,91913,1201.0
2774,91922,1184.0
2775,91928,1985.0
2776,91979,3605.0
2777,91998,3591.0
2778,92048,4370.0
2779,92053,2285.0
2780,92054,1327.0
2781,92061,1115.0
2782,92068,3748.0
2783,92091,3531.0
2784,92092,3622.0
2785,92124,4570.0
2786,92126,3884.0
2787,92127,992.0
2788,92129,4129.0
2789,92130,3640.0
2790,92160,3529.0
2791,92161,3818.0
2792,92182,1568.0
2793,92183,1458.0
2794,92184,3621.0
2795,92193,3962.0
2796,92194,1200.0
2797,92225,4458.0
2798,92226,3942.0
2799,92236,589.0
2800,92239,4235.0
2801,92254,807.0
2802,92264,1499.0
2803,92287,1012.0
2804,92307,605.0
2805,92308,2878.0
2806,92310,545.0
2807,92315,1334.0
2808,92321,1163.0
2809,92373,702.0
2810,92375,1543.0
2811,92376,1519.0
2812,92379,1518.0
2813,92404,1427.0
2814,92405,1429.0
2815,92407,806.0
2816,92417,4267.0
2817,92438,3487.0
2818,92439,1623.0
2819,92440,1409.0
2820,92441,1404.0
2821,92446,2543.0
2822,92447,2481.0
2823,92466,2108.0
2824,92486,2203.0
2825,92506,2297.0
2826,92507,2082.0
2827,92538,1635.0
2828,92539,1548.0
2829,92540,4459.0
2830,92541,4158.0
2831,92569,3750.0
2832,92570,4486.0
2833,92571,1663.0
2834,92572,3736.0
2835,92599,4228.0
2836,92620,2213.0
2837,92621,2183.0
2838,92709,2636.0
2839,92714,741.0
2840,92719,1781.0
2841,92733,1491.0
2842,92734,1265.0
2843,92748,1687.0
2844,92759,2650.0
2845,92773,1269.0
2846,92780,1063.0
2847,92806,4490.0
2848,92808,4563.0
2849,92810,4553.0
2850,92812,2479.0
2851,92815,2335.0
2852,92889,2313.0
2853,92918,2246.0
2854,92924,2785.0
2855,92925,1085.0
2856,92949,710.0
2857,92951,642.0
2858,92952,2760.0
2859,92955,1991.0
2860,92976,3401.0
2861,92977,3506.0
2862,92979,2240.0
2863,93104,2157.0
2864,93126,1965.0
2865,93149,3354.0
2866,93152,2320.0
2867,93177,2462.0
2868,93198,1702.0
2869,93199,1060.0
2870,93203,2367.0
2871,93273,2301.0
2872,93277,2255.0
2873,93281,1121.0
2874,93290,603.0
2875,93293,4473.0
2876,93294,3094.0
2877,93305,2303.0
2878,93335,2283.0
2879,93337,2491.0
2880,93352,2243.0
2881,93353,1766.0
2882,93354,1208.0
2883,93374,912.0
2884,93375,4219.0
2885,93415,4006.0
2886,93417,2723.0
2887,93433,1705.0
2888,93434,4188.0
2889,93436,2667.0
2890,93456,2607.0
2891,93608,2021.0
2892,93614,1197.0
2893,93619,1013.0
2894,93642,1428.0
2895,93647,1416.0
2896,93699,3091.0
2897,93776,2221.0
2898,93777,2113.0
2899,93778,1789.0
2900,93779,1690.0
2901,93785,1689.0
2902,93791,4399.0
2903,93793,2679.0
2904,93796,2459.0
2905,93805,2455.0
2906,93808,2133.0
2907,93809,1383.0
2908,93825,557.0
2909,93832,617.0
2910,93833,2817.0
2911,93834,783.0
2912,93838,573.0
2913,93841,4548.0
2914,93843,4544.0
2915,93844,4543.0
2916,93849,4523.0
2917,93851,658.0
2918,93854,482.0
2919,93855,4440.0
2920,93856,2797.0
2921,93857,2565.0
2922,93858,2433.0
2923,93879,2295.0
2924,93880,3779.0
2925,93893,3776.0
2926,93900,3775.0
2927,93907,994.0
2928,93908,1236.0
2929,93912,2575.0
2930,93913,1852.0
2931,93914,1889.0
2932,93928,990.0
2933,93930,987.0
2934,93934,1199.0
2935,93942,837.0
2936,93969,3352.0
2937,93994,3040.0
2938,93995,2774.0
2939,93996,2501.0
2940,94004,1552.0
2941,94005,1077.0
2942,94006,1076.0
2943,94025,4086.0
2944,94026,974.0
2945,94055,3100.0
2946,94056,2808.0
2947,94057,2663.0
2948,94061,2541.0
2949,94062,1576.0
2950,94063,4186.0
2951,94071,2608.0
2952,94081,1995.0
2953,94114,3855.0
2954,94116,4560.0
2955,94117,1179.0
2956,94125,1174.0
2957,94131,805.0
2958,94159,804.0
2959,94167,749.0
2960,94193,490.0
2961,94194,3102.0
2962,94195,3031.0
2963,94221,2708.0
2964,94234,1959.0
2965,94240,1641.0
2966,94241,1478.0
2967,94242,1300.0
2968,94244,1290.0
2969,94259,1706.0
2970,94260,3935.0
2971,94261,746.0
2972,94277,3974.0
2973,94280,4064.0
2974,94281,3064.0
2975,94330,1407.0
2976,94331,1375.0
2977,94334,1304.0
2978,94336,4367.0
2979,94337,2300.0
2980,94370,1567.0
2981,94372,3480.0
2982,94375,2447.0
2983,94379,1291.0
2984,94410,3795.0
2985,94418,3327.0
2986,94427,2827.0
2987,94428,2294.0
2988,94429,2006.0
2989,94432,600.0
2990,94445,552.0
2991,94458,3972.0
2992,94460,3792.0
2993,94463,2622.0
2994,94481,3360.0
2995,94484,3333.0
2996,94487,3444.0
2997,94490,3803.0
2998,94503,3086.0
2999,94504,629.0
3000,94505,3425.0
3001,94512,3152.0
3002,94518,429.0
3003,94538,4037.0
3004,94539,2206.0
3005,94673,1202.0
3006,94699,1070.0
3007,94702,3081.0
3008,94703,1450.0
3009,94704,1442.0
3010,94705,1788.0
3011,94707,1697.0
3012,94708,1630.0
3013,94709,3082.0
3014,94711,3011.0
3015,94725,2924.0
3016,94731,2017.0
3017,94738,910.0
3018,94739,3025.0
3019,94777,1787.0
3020,94780,1241.0
3021,94788,1195.0
3022,94791,1614.0
3023,94792,1432.0
3024,94793,1349.0
3025,94804,791.0
3026,94808,781.0
3027,94812,4157.0
3028,94845,4073.0
3029,94847,1520.0
3030,94891,3135.0
3031,94893,3067.0
3032,94894,4222.0
3033,94898,3346.0
3034,94911,2178.0
3035,94941,2027.0
3036,94964,1318.0
3037,94979,1299.0
3038,94983,2048.0
3039,94986,2028.0
3040,94995,1718.0
3041,94996,1573.0
3042,94997,1112.0
3043,95010,1017.0
3044,95023,1014.0
3045,95025,946.0
3046,95027,2635.0
3047,95029,2532.0
3048,95030,3065.0
3049,95035,2037.0
3050,95036,1652.0
3051,95037,1150.0
3052,95039,1123.0
3053,95053,1064.0
3054,95056,3399.0
3055,95073,988.0
3056,95076,3134.0
3057,95078,4168.0
3058,95082,3083.0
3059,95152,1688.0
3060,95163,1439.0
3061,95180,1261.0
3062,95186,1048.0
3063,95200,688.0
3064,95206,4256.0
3065,95233,2068.0
3066,95234,1777.0
3067,95235,1773.0
3068,95236,1036.0
3069,95246,801.0
3070,95300,747.0
3071,95310,3771.0
3072,95323,2393.0
3073,95329,1005.0
3074,95332,2042.0
3075,95351,1643.0
3076,95354,1589.0
3077,95355,1418.0
3078,95434,3770.0
3079,95443,1231.0
3080,95448,694.0
3081,95451,3609.0
3082,95459,4229.0
3083,95484,591.0
3084,95488,2238.0
3085,95492,2205.0
3086,95499,832.0
3087,95524,736.0
3088,95528,709.0
3089,95529,403.0
3090,95531,379.0
3091,95544,943.0
3092,95545,797.0
3093,95556,730.0
3094,95560,3759.0
3095,95573,1817.0
3096,95577,3154.0
3097,95579,2621.0
3098,95591,1160.0
3099,95595,3145.0
3100,95597,3121.0
3101,95601,2823.0
3102,95602,2768.0
3103,95606,2370.0
3104,95607,697.0
3105,95610,507.0
3106,95613,3062.0
3107,95647,2239.0
3108,95697,1975.0
3109,95698,1620.0
3110,95699,1592.0
3111,95700,880.0
3112,95711,3518.0
3113,95712,3322.0
3114,95726,2690.0
3115,95727,2632.0
3116,95728,2615.0
3117,95739,1561.0
3118,95740,1530.0
3119,95741,3061.0
3120,95742,2053.0
3121,95743,1639.0
3122,95770,2571.0
3123,95771,1786.0
3124,95773,1413.0
3125,95774,930.0
3126,95775,2589.0
3127,95809,2448.0
3128,95853,1053.0
3129,95855,952.0
3130,95856,422.0
3131,95866,4167.0
3132,95876,3331.0
3133,95894,3116.0
3134,95933,1977.0
3135,95934,1595.0
3136,95935,1246.0
3137,95943,1100.0
3138,95949,825.0
3139,95977,755.0
3140,95978,743.0
3141,95997,2538.0
3142,95998,2002.0
3143,96021,1214.0
3144,96024,1145.0
3145,96034,1563.0
3146,96035,1050.0
3147,96110,3088.0
3148,96115,2338.0
3149,96119,1793.0
3150,96120,1446.0
3151,96121,2312.0
3152,96128,3978.0
3153,96129,3809.0
3154,96131,3184.0
3155,96145,2452.0
3156,96146,2142.0
3157,96148,1594.0
3158,96149,4493.0
3159,96151,975.0
3160,96152,1011.0
3161,96153,3146.0
3162,96189,2439.0
3163,96190,1484.0
3164,96191,1097.0
3165,96207,1040.0
3166,96208,3324.0
3167,96213,1634.0
3168,96214,1453.0
3169,96215,1315.0
3170,96216,3961.0
3171,96217,1769.0
3172,96219,1699.0
3173,96220,1132.0
3174,96258,2067.0
3175,96263,2596.0
3176,96301,2511.0
3177,96302,1454.0
3178,96303,1452.0
3179,96304,1316.0
3180,96309,4597.0
3181,96313,2771.0
3182,96351,3355.0
3183,96369,3123.0
3184,96439,3057.0
3185,96440,2612.0
3186,96441,2348.0
3187,96459,1509.0
3188,96460,699.0
3189,96465,565.0
3190,96468,564.0
3191,96473,540.0
3192,96486,3548.0
3193,96488,4026.0
3194,96489,4003.0
3195,96490,2696.0
3196,96494,1157.0
3197,96499,1033.0
3198,96510,816.0
3199,96518,4050.0
3200,96519,2777.0
3201,96520,2618.0
3202,96522,2616.0
3203,96523,2609.0
3204,96524,2587.0
3205,96525,2581.0
3206,96526,2241.0
3207,96532,1515.0
3208,96533,1900.0
3209,96535,2521.0
3210,96556,1734.0
3211,96557,4182.0
3212,96586,3923.0
3213,96587,3797.0
3214,96597,3790.0
3215,96609,2143.0
3216,96680,1895.0
3217,96682,1890.0
3218,96683,4573.0
3219,96689,4574.0
3220,96690,576.0
3221,96708,4503.0
3222,96710,4502.0
3223,96712,4514.0
3224,96717,4619.0
3225,96718,1807.0
3226,96720,4499.0
3227,96721,4505.0
3228,96722,2148.0
3229,96743,4384.0
3230,96744,3406.0
3231,96745,4500.0
3232,96747,4518.0
3233,96748,4522.0
3234,96751,4510.0
3235,96758,4539.0
3236,96760,4521.0
3237,96762,4532.0
3238,96763,4528.0
3239,96766,4524.0
3240,96768,4541.0
3241,96769,4529.0
3242,96771,2951.0
3243,96774,2952.0
3244,96775,2986.0
3245,96777,1027.0
3246,96788,700.0
3247,96789,4561.0
3248,96790,4549.0
3249,96797,4555.0
3250,96800,4569.0
3251,96803,4584.0
3252,96806,4571.0
3253,96807,2882.0
3254,96810,4590.0
3255,96813,4600.0
3256,96814,2991.0
3257,96816,2922.0
3258,96817,4638.0
3259,96822,3019.0
3260,96823,2098.0
3261,96827,1539.0
3262,96829,4611.0
3263,96830,4613.0
3264,96831,1538.0
3265,96832,1524.0
3266,96833,1486.0
3267,96834,4629.0
3268,96856,2925.0
3269,96858,2994.0
3270,96859,4622.0
3271,96861,4624.0
3272,96863,4621.0
3273,96864,2962.0
3274,96866,4623.0
3275,96868,2266.0
3276,96869,1958.0
3277,96884,3752.0
3278,96891,2996.0
3279,96894,2963.0
3280,96896,4637.0
3281,96898,3297.0
3282,96899,2964.0
3283,96900,4635.0
3284,96903,1381.0
3285,96909,2893.0
3286,96910,2897.0
3287,96911,521.0
3288,96912,518.0
3289,96919,2984.0
3290,96921,4417.0
3291,96922,1288.0
3292,96935,3744.0
3293,96944,2901.0
3294,96945,2975.0
3295,96948,2978.0
3296,96950,2806.0
3297,96951,4248.0
3298,97004,2867.0
3299,97009,3026.0
3300,97010,2070.0
3301,97013,1417.0
3302,97014,2907.0
3303,97016,4982.0
3304,97018,2881.0
3305,97019,2880.0
3306,97028,2793.0
3307,97029,1433.0
3308,97030,2353.0
3309,97051,2224.0
3310,97052,2074.0
3311,97053,1570.0
3312,97054,1260.0
3313,97064,894.0
3314,97069,4148.0
3315,97073,2419.0
3316,97074,1681.0
3317,97097,2169.0
3318,97102,2156.0
3319,97104,2824.0
3320,97105,2468.0
3321,97106,1044.0
3322,97107,721.0
3323,97113,4125.0
3324,97114,3588.0
3325,97128,2807.0
3326,97129,2796.0
3327,97130,2745.0
3328,97131,4082.0
3329,97203,782.0
3330,97204,760.0
3331,97229,3802.0
3332,97250,599.0
3333,97268,3846.0
3334,97269,3908.0
3335,97270,3161.0
3336,97290,2034.0
3337,97291,4207.0
3338,97297,3912.0
3339,97301,4013.0
3340,97302,2495.0
3341,97303,3832.0
3342,97310,4227.0
3343,97315,3973.0
3344,97317,3876.0
3345,97320,3901.0
3346,97321,3886.0
3347,97322,3862.0
3348,97324,2730.0
3349,97329,2625.0
3350,97334,575.0
3351,97340,2601.0
3352,97349,2600.0
3353,97389,2586.0
3354,97390,2512.0
3355,97391,2396.0
3356,97456,1389.0
3357,97457,1363.0
3358,97480,1347.0
3359,97492,834.0
3360,97505,809.0
3361,97532,374.0
3362,97568,1096.0
3363,97575,4210.0
3364,97650,1221.0
3365,97652,1158.0
3366,97662,1131.0
3367,97691,2280.0
3368,97692,2236.0
3369,97693,1745.0
3370,97694,3734.0
3371,97738,1778.0
3372,97739,1763.0
3373,97740,1742.0
3374,97744,3051.0
3375,97745,2787.0
3376,97746,2707.0
3377,97750,3929.0
3378,97751,3767.0
3379,97757,1105.0
3380,97764,1061.0
3381,97792,3497.0
3382,97801,800.0
3383,97826,524.0
3384,97829,3948.0
3385,97830,3807.0
3386,97845,3758.0
3387,97853,3569.0
3388,97922,3804.0
3389,97931,3044.0
3390,97932,3017.0
3391,97980,4218.0
3392,98034,3631.0
3393,98036,985.0
3394,98051,2926.0
3395,98053,4618.0
3396,98056,4617.0
3397,98057,4585.0
3398,98058,4572.0
3399,98060,2490.0
3400,98068,2350.0
3401,98081,2291.0
3402,98097,2284.0
3403,98098,2282.0
3404,98099,727.0
3405,98100,4101.0
3406,98101,4035.0
3407,98105,4516.0
3408,98107,4515.0
3409,98130,687.0
3410,98134,680.0
3411,98135,678.0
3412,98139,667.0
3413,98140,3872.0
3414,98141,3870.0
3415,98142,3869.0
3416,98144,1849.0
3417,98146,1818.0
3418,98148,1607.0
3419,98149,4441.0
3420,98150,4251.0
3421,98154,993.0
3422,98164,965.0
3423,98166,984.0
3424,98169,983.0
3425,98173,978.0
3426,98177,973.0
3427,98178,334.0
3428,98183,1835.0
3429,98188,1827.0
3430,98190,1826.0
3431,98191,1823.0
3432,98195,1821.0
3433,98198,1796.0
3434,98200,999.0
3435,98210,3871.0
3436,98211,4010.0
3437,98212,4103.0
3438,98219,585.0
3439,98222,3377.0
3440,98226,2307.0
3441,98234,2123.0
3442,98254,2092.0
3443,98276,1714.0
3444,98277,2218.0
3445,98278,1498.0
3446,98291,1813.0
3447,98292,2844.0
3448,98295,1622.0
3449,98296,4118.0
3450,98297,3047.0
3451,98310,3039.0
3452,98333,819.0
3453,98345,2135.0
3454,98357,1596.0
3455,98358,1320.0
3456,98362,504.0
3457,98363,424.0
3458,98374,2366.0
3459,98375,2018.0
3460,98393,959.0
3461,98394,2826.0
3462,98468,2298.0
3463,98469,1984.0
3464,98476,1642.0
3465,98477,2150.0
3466,98480,2137.0
3467,98482,2127.0
3468,98509,1218.0
3469,98512,549.0
3470,98513,3498.0
3471,98514,1644.0
3472,98515,1451.0
3473,98516,1250.0
3474,98534,1114.0
3475,98544,4091.0
3476,98549,4142.0
3477,98550,1268.0
3478,98577,3073.0
3479,98579,861.0
3480,98581,3746.0
3481,98601,3636.0
3482,98633,3045.0
3483,98634,1533.0
3484,98635,1528.0
3485,98636,1026.0
3486,98660,3376.0
3487,98661,1410.0
3488,98662,604.0
3489,98663,3027.0
3490,98664,2820.0
3491,98666,2244.0
3492,98680,1725.0
3493,98681,1603.0
3494,98683,1579.0
3495,98684,1340.0
3496,98696,1266.0
3497,98701,1239.0
3498,98710,960.0
3499,98712,4472.0
3500,98713,3500.0
3501,98721,2254.0
3502,98722,4014.0
3503,98723,2734.0
3504,98725,2724.0
3505,98726,2645.0
3506,98745,1490.0
3507,98747,4179.0
3508,98761,3429.0
3509,98762,2259.0
3510,98763,2173.0
3511,98775,2144.0
3512,98798,1732.0
3513,98799,1249.0
3514,98807,1181.0
3515,98813,4141.0
3516,98814,2675.0
3517,98821,2427.0
3518,98835,2263.0
3519,98837,2162.0
3520,98841,2674.0
3521,98842,1733.0
3522,98843,624.0
3523,98844,1217.0
3524,98853,1069.0
3525,98868,3985.0
3526,98869,2442.0
3527,98870,1638.0
3528,98871,3991.0
3529,98872,3364.0
3530,98876,3104.0
3531,98877,3009.0
3532,98879,3358.0
3533,98890,2138.0
3534,98891,2112.0
3535,98918,1348.0
3536,98975,3345.0
3537,98977,3342.0
3538,98985,2712.0
3539,98990,2687.0
3540,98995,2493.0
3541,98996,3024.0
3542,99045,3010.0
3543,99070,2718.0
3544,99085,2509.0
3545,99086,2388.0
3546,99112,2743.0
3547,99113,1054.0
3548,99117,2746.0
3549,99118,2413.0
3550,99135,2286.0
3551,99176,3791.0
3552,99194,3380.0
3553,99195,1264.0
3554,99196,919.0
3555,99197,1785.0
3556,99198,1542.0
3557,99226,1479.0
3558,99227,1441.0
3559,99228,1216.0
3560,99232,3950.0
3561,99233,3513.0
3562,99234,1371.0
3563,99241,1118.0
3564,99261,4131.0
3565,99262,3573.0
3566,99272,1477.0
3567,99273,1339.0
3568,99286,1267.0
3569,99291,1230.0
3570,99299,1129.0
3571,99303,1119.0
3572,99305,1046.0
3573,99323,775.0
3574,99329,2349.0
3575,99330,2336.0
3576,99331,2277.0
3577,99345,3344.0
3578,99349,2252.0
3579,99358,3460.0
3580,99359,2478.0
3581,99361,799.0
3582,99426,4146.0
3583,99434,4144.0
3584,99435,4122.0
3585,99437,4025.0
3586,99488,2520.0
3587,99489,3181.0
3588,99498,3167.0
3589,99499,2195.0
3590,99514,2016.0
3591,99515,1287.0
3592,99518,1229.0
3593,99525,812.0
3594,99554,4234.0
3595,99577,3808.0
3596,99580,1504.0
3597,99643,3514.0
3598,99645,2080.0
3599,99651,1081.0
3600,99655,1080.0
3601,99658,4007.0
3602,99660,4097.0
3603,99661,4421.0
3604,99662,4164.0
3605,99722,2399.0
3606,99726,1258.0
3607,99727,1143.0
3608,99745,1130.0
3609,99754,543.0
3610,99762,2270.0
3611,99768,1392.0
3612,99801,3476.0
3613,99802,3398.0
3614,99804,3503.0
3615,99805,2719.0
3616,99814,2132.0
3617,99834,1656.0
3618,99844,3392.0
3619,99860,3800.0
3620,99869,3755.0
3621,99870,3749.0
3622,99891,2759.0
3623,99892,1588.0
3624,99896,3431.0
3625,99909,3117.0
3626,99925,2815.0
3627,99927,2698.0
3628,99930,3384.0
3629,99931,3362.0
3630,99986,3361.0
3631,100031,2499.0
3632,100032,2488.0
3633,100046,2290.0
3634,100051,4109.0
3635,100052,3124.0
3636,100054,3055.0
3637,100105,3022.0
3638,100177,3016.0
3639,100202,716.0
3640,100242,1566.0
3641,100245,3007.0
3642,100246,906.0
3643,100247,1074.0
3644,100256,696.0
3645,100262,1682.0
3646,100263,1668.0
3647,100264,2624.0
3648,100265,2617.0
3649,100266,1517.0
3650,100267,785.0
3651,100288,2678.0
3652,100293,4169.0
3653,100299,2643.0
3654,100328,2630.0
3655,100330,3347.0
3656,100345,3340.0
3657,100347,3155.0
3658,100416,3075.0
3659,100445,2822.0
3660,100446,3381.0
3661,100449,1406.0
3662,100450,1154.0
3663,100454,3395.0
3664,100460,3434.0
3665,100461,3438.0
3666,100462,3127.0
3667,100522,3118.0
3668,100525,1449.0
3669,100526,1196.0
3670,100529,1090.0
3671,100543,913.0
3672,100544,828.0
3673,100571,3515.0
3674,100572,4455.0
3675,100573,3957.0
3676,100574,3390.0
3677,100576,3379.0
3678,100577,3821.0
3679,100589,3359.0
3680,100610,4241.0
3681,100614,2400.0
3682,100618,2383.0
3683,100623,2376.0
3684,100642,1698.0
3685,100643,1557.0
3686,100644,3186.0
3687,100645,3436.0
3688,100646,3365.0
3689,100650,3578.0
3690,100700,3577.0
3691,100717,1670.0
3692,100718,3357.0
3693,100719,2664.0
3694,100724,2453.0
3695,100733,1729.0
3696,100734,3059.0
3697,100735,2428.0
3698,100736,2420.0
3699,100738,2410.0
3700,100879,4085.0
3701,100880,2517.0
3702,100881,2387.0
3703,100882,2090.0
3704,100902,1364.0
3705,100906,1117.0
3706,100927,1962.0
3707,100942,1306.0
3708,100966,1282.0
3709,100971,2062.0
3710,100972,1728.0
3711,100974,859.0
3712,100976,690.0
3713,101010,541.0
3714,101012,2076.0
3715,101013,4466.0
3716,101014,4483.0
3717,101015,1047.0
3718,101018,3469.0
3719,101019,2352.0
3720,101022,1086.0
3721,101028,763.0
3722,101038,2715.0
3723,101039,2693.0
3724,101044,1645.0
3725,101045,1034.0
3726,101057,3427.0
3727,101058,3132.0
3728,101067,3323.0
3729,101118,2791.0
3730,101119,2683.0
3731,101133,4061.0
3732,101134,2072.0
3733,101135,1083.0
3734,101137,4211.0
3735,101151,3353.0
3736,101153,3351.0
3737,101169,2731.0
3738,101170,2474.0
3739,101171,1194.0
3740,101203,3389.0
3741,101206,3119.0
3742,101257,3537.0
3743,101258,1497.0
3744,101259,1394.0
3745,101260,1308.0
3746,101269,3556.0
3747,101271,3516.0
3748,101273,397.0
3749,101289,4252.0
3750,101302,3103.0
3751,101303,2553.0
3752,101304,3452.0
3753,101305,3742.0
3754,101306,1646.0
3755,101313,957.0
3756,101314,938.0
3757,101339,506.0
3758,101340,1271.0
3759,101341,1270.0
3760,101357,1209.0
3761,101368,813.0
3762,101394,3408.0
3763,101395,4153.0
3764,101397,3177.0
3765,101406,3130.0
3766,101440,4075.0
3767,101442,4264.0
3768,101443,3325.0
3769,101449,3049.0
3770,101480,2504.0
3771,101481,2339.0
3772,101482,2315.0
3773,101488,789.0
3774,101493,614.0
3775,101544,4365.0
3776,101545,3958.0
3777,101546,2145.0
3778,101591,1757.0
3779,101592,1717.0
3780,101593,1625.0
3781,101594,1042.0
3782,101641,404.0
3783,101644,4196.0
3784,101703,4394.0
3785,101704,4255.0
3786,101755,4430.0
3787,101756,4412.0
3788,101757,3641.0
3789,101766,4445.0
3790,101767,4215.0
3791,101774,2758.0
3792,101775,4443.0
3793,101776,3589.0
3794,101783,4165.0
3795,101809,4016.0
3796,101810,3811.0
3797,101813,3446.0
3798,101815,3413.0
3799,101816,4379.0
3800,101821,3587.0
3801,101836,3449.0
3802,101841,3084.0
3803,101853,2780.0
3804,101854,1631.0
3805,101855,3348.0
3806,101916,3179.0
3807,101930,3115.0
3808,101931,3454.0
3809,101932,3451.0
3810,101933,3370.0
3811,101938,3366.0
3812,101941,3363.0
3813,101988,3350.0
3814,101999,3783.0
3815,102007,3568.0
3816,102061,2557.0
3817,102062,1536.0
3818,102087,4154.0
3819,102100,3512.0
3820,102101,3521.0
3821,102102,4110.0
3822,102103,4372.0
3823,102105,3140.0
3824,102118,4162.0
3825,102145,3987.0
3826,102146,3949.0
3827,102176,3937.0
3828,102177,3940.0
3829,102178,3383.0
3830,102194,3382.0
3831,102201,3349.0
3832,102219,3109.0
3833,102221,2702.0
3834,102226,2141.0
3835,102232,1531.0
3836,102275,4062.0
3837,102276,4253.0
3838,102298,3793.0
3839,102310,4237.0
3840,102379,3562.0
3841,102382,3430.0
3842,102383,3926.0
3843,102384,3458.0
3844,102385,4178.0
3845,102408,3473.0
3846,102409,3941.0
3847,102412,3976.0
3848,102415,3761.0
3849,102430,4112.0
3850,102431,3356.0
3851,102457,3074.0
3852,102503,4662.0
3853,102505,4716.0
3854,102507,4644.0
3855,102723,5058.0
3856,102731,5065.0
3857,103006,3536.0
3858,103008,3540.0
3859,103812,4976.0
3860,104074,4971.0
3861,104075,4962.0
3862,104098,4966.0
3863,104105,4875.0
3864,104106,4964.0
3865,104113,4948.0
3866,104115,4947.0
3867,104117,4956.0
3868,104127,1550.0
3869,104136,4952.0
3870,104472,3980.0
3871,104772,5053.0
3872,104773,5055.0
3873,104774,5057.0
3874,104776,5059.0
3875,104779,5067.0
3876,104847,5079.0
3877,104859,4866.0
3878,104867,4833.0
3879,104899,4963.0
3880,104915,1952.0
3881,104923,4960.0
3882,104934,3665.0
3883,104946,2772.0
3884,104989,5084.0
3885,105013,5085.0
3886,105060,5086.0
3887,105223,5087.0
3888,105226,5088.0
3889,105238,5090.0
3890,105457,4808.0
3891,105496,5092.0
3892,105548,4904.0
3893,118259,5091.0
3894,118704,5072.0
3895,118706,3461.0
3896,118707,5074.0
3897,118708,3264.0
3898,118852,5073.0
3899,118854,5075.0
3900,118855,5076.0
3901,118859,5089.0
3902,118875,3319.0
3903,118876,865.0
3904,118887,4763.0
3905,118893,853.0
3906,118894,5082.0
3907,118896,5078.0
3908,118901,5080.0
3909,118902,5077.0
3910,118906,3176.0
3911,118907,5083.0
3912,118949,3490.0
3913,118950,1015.0
3914,118952,4121.0
3915,118953,884.0
3916,118954,1344.0
3917,118958,3268.0
3918,121998,982.0
3919,122611,1426.0
3920,123219,1746.0
3921,123262,1464.0
3922,124577,851.0
3923,125480,3263.0
3924,126569,1606.0
3925,128155,4482.0
3926,129021,1482.0
3927,129991,3280.0
3928,130314,5081.0
3929,130338,2430.0
3930,130768,1748.0
3931,130784,1443.0
3932,132554,1768.0
3933,135479,3464.0
3934,139953,4098.0
3935,139954,4090.0
3936,139956,1867.0
3937,143368,4701.0
3938,143380,4688.0
3939,143406,4677.0
3940,143411,4709.0
3941,143416,4658.0
3942,143421,2362.0
3943,143456,4654.0
3944,143461,4667.0
3945,143462,4684.0
3946,143463,4738.0
3947,143468,4703.0
3948,143474,4727.0
3949,143483,4693.0
3950,143495,4699.0
3951,143497,4700.0
3952,143498,4717.0
3953,143506,4690.0
3954,143511,4719.0
3955,143512,4721.0
3956,143513,4715.0
3957,143522,4726.0
3958,143531,4711.0
3959,145141,4087.0
3960,145142,1730.0
3961,145143,3171.0
3962,145144,1569.0
3963,145145,931.0
3964,145146,1675.0
3965,145148,3120.0
3966,145150,3441.0
3967,145202,4723.0
3968,145391,4914.0
3969,145853,4932.0
3970,146161,5093.0
3971,146233,5094.0
3972,149327,3563.0
3973,160275,2775.0
3974,164952,4126.0
3975,164954,4435.0
3976,174244,885.0
3977,180442,4463.0
3978,182379,3558.0
3979,188214,953.0
3980,188215,916.0
3981,188216,895.0
3982,188217,945.0
3983,188218,929.0
3984,188219,869.0
3985,193706,3210.0
3986,198844,4134.0
3987,204587,955.0
3988,209351,4353.0
3989,209594,5095.0
3990,210155,4873.0
3991,210606,5098.0
3992,210799,4862.0
3993,210967,5099.0
3994,210968,5100.0
3995,210969,5097.0
3996,211392,4921.0
3997,214414,3481.0
3998,214415,4015.0
3999,214416,2167.0
4000,214417,3946.0
4001,214418,4068.0
4002,214420,4135.0
4003,214421,3647.0
4004,214422,4054.0
4005,214423,3954.0
4006,214478,4511.0
4007,219199,2744.0
4008,219200,900.0
4009,220135,5101.0
4010,220136,3445.0
4011,220137,4067.0
4012,222772,3475.0
4013,223479,4794.0
4014,228662,3478.0
4015,228666,2754.0
4016,228667,1617.0
4017,238029,3683.0
4018,238030,3672.0
4019,238031,3479.0
4020,238034,4080.0
4021,238036,463.0
4022,238038,3728.0
4023,238039,3224.0
4024,238040,876.0
4025,238043,3927.0
4026,238044,3678.0
4027,238045,3996.0
4028,238894,362.0
4029,238896,2749.0
4030,245482,3649.0
4031,245483,1673.0
4032,245484,942.0
4033,245485,891.0
4034,245486,854.0
4035,245488,1653.0
4036,245489,1647.0
4037,245490,1565.0
4038,245491,893.0
4039,245492,4058.0
4040,245493,3712.0
4041,245494,1664.0
4042,245495,3657.0
4043,245497,3659.0
4044,247937,2274.0
4045,252819,1686.0
4046,252820,1649.0
4047,252823,1605.0
4048,261073,1559.0
4049,264874,5102.0
4050,264901,4530.0
4051,264904,4492.0
4052,264912,682.0
4053,264925,648.0
4054,264931,3909.0
4055,264934,3859.0
4056,264942,4586.0
4057,264945,4610.0
4058,264946,3877.0
4059,264948,3725.0
4060,264949,1898.0
4061,264951,1806.0
4062,266660,5104.0
4063,268044,1856.0
4064,268410,5103.0
4065,268495,4422.0
4066,268497,1006.0
4067,268498,4053.0
4068,272181,2916.0
4069,277235,2915.0
4070,282976,2094.0
4071,283048,5105.0
4072,283072,5106.0
4073,285433,4360.0
4074,285434,3959.0
4075,286180,4345.0
4076,286219,4315.0
4077,286225,4295.0
4078,286231,4357.0
4079,286240,4285.0
4080,286253,4358.0
4081,286269,4273.0
4082,286286,4321.0
4083,286290,4294.0
4084,286298,4344.0
4085,286305,4293.0
4086,286309,4314.0
4087,286313,4289.0
4088,286317,4292.0
4089,286321,4316.0
4090,286335,4274.0
4091,286343,4355.0
4092,286356,4303.0
4093,286365,4280.0
4094,286374,4323.0
4095,286383,4325.0
4096,286397,4278.0
4097,291584,4894.0
4098,293086,5107.0
4099,308243,4123.0
4100,308247,4391.0
4101,308251,874.0
4102,316640,4489.0
4103,316641,4627.0
4104,324201,5111.0
4105,324944,2959.0
4106,325222,5112.0
4107,325323,5113.0
4108,327375,5115.0
4109,328690,5116.0
4110,328869,1931.0
4111,331711,1947.0
4112,343994,5114.0
4113,344007,5117.0
4114,344060,5118.0
4115,344074,5119.0
4116,344083,5120.0
4117,344125,5109.0
4118,344160,5108.0
4119,344165,1657.0
4120,347276,5122.0
4121,347352,5121.0
4122,356470,5146.0
4123,358225,5123.0
4124,358226,5124.0
4125,358227,5125.0
4126,358228,5126.0
4127,358229,5127.0
4128,358230,5128.0
4129,358231,5129.0
4130,358232,5130.0
4131,358233,5131.0
4132,358234,5132.0
4133,358235,5133.0
4134,358236,5134.0
4135,358237,5135.0
4136,358238,5136.0
4137,358239,5137.0
4138,358240,5138.0
4139,358241,5139.0
4140,358242,5140.0
4141,358243,5141.0
4142,358244,5142.0
4143,358245,5143.0
4144,358246,5144.0
4145,358247,5145.0
4146,358249,5147.0
4147,358250,5148.0
4148,358252,5149.0
4149,358253,5150.0
4150,358254,5151.0
4151,358255,5152.0
4152,358256,5153.0
4153,358257,5154.0
4154,358258,5155.0
4155,358259,5156.0
4156,358260,5157.0
4157,358261,5158.0
4158,358262,5159.0
4159,358263,5160.0
4160,358264,5161.0
4161,358265,5162.0
4162,358266,5163.0
4163,358267,5164.0
4164,358268,5165.0
4165,358269,5166.0
4166,358270,5167.0
4167,358271,5168.0
4168,358272,5169.0
4169,358273,5170.0
4170,358274,5171.0
4171,358275,5172.0
4172,358276,5173.0
4173,358277,5174.0
4174,358278,5175.0
4175,358279,5176.0
4176,358619,5180.0
4177,359356,5183.0
4178,360351,5184.0
4179,361519,5182.0
4180,373270,5178.0
4181,373286,5179.0
4182,373347,5181.0
4183,373392,345.0
4184,373393,3713.0
4185,376400,5185.0
4186,384116,5187.0
4187,402948,5190.0
4188,402962,5189.0
4189,403079,5188.0
4190,403277,5186.0
4191,403297,3290.0
4192,403300,3221.0
4193,405241,5194.0
4194,405868,4938.0
4195,435010,5197.0
4196,435323,5205.0
4197,435351,5200.0
4198,435403,5204.0
4199,436276,5203.0
4200,436317,5206.0
4201,439194,5199.0
4202,451104,5193.0
4203,451140,5208.0
4204,451331,5209.0
4205,451367,5195.0
4206,451419,5191.0
4207,451436,5196.0
4208,451572,5202.0
4209,451807,3635.0
4210,451873,5192.0
4211,451891,3173.0
4212,452548,4332.0
4213,461312,4905.0
4214,461389,4880.0
4215,470546,5207.0
4216,498586,5216.0
4217,498622,5210.0
4218,498639,5214.0
4219,498684,5215.0
4220,498708,5212.0
4221,498817,5217.0
4222,498951,5211.0
4223,499003,1870.0
4224,499004,1871.0
4225,499005,5213.0
4226,499047,596.0
4227,499048,1905.0
4228,499049,1873.0
4229,499051,1883.0
4230,499052,2585.0
4231,601498,5218.0
4232,603970,5222.0
4233,611714,5224.0
4234,612728,5229.0
4235,685117,4871.0
4236,694338,4745.0
4237,772589,5236.0
4238,772682,5232.0
4239,772734,5228.0
4240,772737,5233.0
4241,772757,5234.0
4242,772772,5235.0
4243,772837,5225.0
4244,772843,5219.0
4245,772867,5221.0
4246,773061,5220.0
4247,773064,5230.0
4248,773083,5223.0
4249,773090,5231.0
4250,778523,4756.0
4251,778715,4782.0
4252,778841,4691.0
4253,779041,4777.0
4254,779093,4678.0
4255,779172,4707.0
4256,779512,4680.0
4257,779609,4651.0
4258,779775,4653.0
4259,779852,4661.0
4260,779941,4713.0
4261,780078,4670.0
4262,780192,4669.0
4263,780277,4672.0
4264,789113,5238.0
4265,790282,4666.0
4266,802300,4846.0
4267,816143,4923.0
4268,818752,1892.0
4269,827819,2980.0
4270,828804,5243.0
4271,836037,5247.0
4272,851324,4823.0
4273,856620,5245.0
4274,873560,5246.0
4275,972724,5248.0
4276,972840,5241.0
4277,973035,5244.0
4278,973062,5240.0
4279,973160,5239.0
4280,973235,5242.0
4281,973283,1685.0
4282,973285,1783.0
4283,973289,1759.0
4284,973291,1744.0
4285,990426,5253.0
4286,1072987,2310.0
4287,1146768,5254.0
4288,1146785,5255.0
4289,1146789,5259.0
4290,1146812,5251.0
4291,1146842,5256.0
4292,1146877,5260.0
4293,1146890,5261.0
4294,1146977,5249.0
4295,1146992,5250.0
4296,1147027,5252.0
4297,1147028,5257.0
4298,1147031,5258.0
4299,1147117,937.0
4300,1147135,1904.0
4301,1159955,5263.0
4302,1165454,4822.0
4303,1165621,4856.0
4304,1167871,4857.0
4305,1196915,5265.0
4306,1200548,4428.0
4307,1205542,5276.0
4308,1214936,5271.0
4309,1269524,5266.0
4310,1269540,5262.0
4311,1269570,5275.0
4312,1269739,5267.0
4313,1270401,5264.0
4314,1270459,5270.0
4315,1270838,5268.0
4316,1270897,5272.0
4317,1271172,4410.0
4318,1272015,5273.0
4319,1272153,5269.0
4320,1272458,1654.0
4321,1272459,3844.0
4322,1272460,3474.0
4323,1272461,4462.0
4324,1272462,1436.0
4325,1272463,2837.0
4326,1272513,4418.0
4327,1469530,5277.0
4328,1492083,5280.0
4329,1540404,5279.0
4330,1542290,4861.0
4331,1548153,5278.0
4332,1673288,1770.0
4333,1673290,3484.0
4334,1673291,460.0
4335,1673292,4040.0
4336,1673293,3440.0
4337,1673294,3998.0
4338,1673299,866.0
4339,1673300,864.0
4340,1720323,4722.0
4341,1734898,4748.0
4342,1902859,5283.0
4343,1902866,5285.0
4344,1902880,5286.0
4345,1902943,4419.0
4346,1902944,5284.0
4347,1903099,3951.0
4348,1903100,4429.0
4349,1903101,5282.0
4350,1903132,5281.0
4351,1903148,4448.0
4352,1903150,3421.0
4353,1903151,467.0
4354,1959053,4714.0
4355,1960099,4790.0
4356,1960420,4957.0
4357,1960645,4940.0
4358,2010246,4326.0
4359,2016597,2502.0
4360,2130152,5287.0
4361,2130162,4426.0
4362,2155625,5291.0
4363,2162216,5292.0
4364,2163638,5293.0
4365,2221711,1880.0
4366,2359941,5294.0
4367,2770102,1481.0
4368,2794243,5274.0
4369,2838599,5330.0
4370,2890431,5333.0
4371,2890699,5334.0
4372,2912710,5337.0
4373,3010144,5332.0
4374,3010154,5338.0
4375,3010244,5335.0
4376,3010294,4038.0
4377,3010295,5331.0
4378,3010304,4454.0
4379,3010305,5336.0
4380,3010314,5339.0
4381,3052312,5342.0
4382,3056079,5345.0
4383,3074467,5288.0
4384,3110542,5350.0
4385,3134535,5351.0
4386,3156588,5352.0
4387,3238361,5349.0
4388,3238572,5348.0
4389,3238696,5341.0
4390,3238827,5343.0
4391,3238851,5344.0
4392,3238936,5346.0
4393,3238958,5340.0
4394,3279506,4647.0
4395,3279648,4675.0
4396,3279809,4776.0
4397,3280099,4710.0
4398,3312330,5354.0
4399,3315121,4817.0
4400,3441064,4872.0
4401,3481739,5355.0
4402,3588448,5356.0
4403,3690715,4813.0
4404,4059269,5359.0
4405,4059413,2207.0
4406,4059414,1602.0
4407,4059415,1549.0
4408,4100564,5360.0
4409,4109177,5361.0
4410,4133291,4728.0
4411,4133468,4706.0
4412,4134699,4683.0
4413,4139843,5362.0
4414,4141688,4884.0
4415,4143697,5363.0
4416,4167070,4708.0
4417,4337594,5365.0
4418,4383793,4673.0
4419,4536375,5366.0
4420,4536521,5364.0
4421,4555283,5367.0
4422,4606260,927.0
4423,4608072,5369.0
4424,4743182,5370.0
4425,4743219,5368.0
4426,4764925,4660.0
4427,4817347,4772.0
4428,4817546,4697.0
4429,4817713,4664.0
4430,4817837,4652.0
4431,4817952,4663.0
4432,4818070,4761.0
4433,4818325,4674.0
4434,4818425,4696.0
4435,4818518,4656.0
4436,4818629,4671.0
4437,4818713,4650.0
4438,4818790,4744.0
4439,4818831,4764.0
4440,4818880,4676.0
4441,4818969,4668.0
4442,4819035,4780.0
4443,4886001,5371.0
4444,4886029,5372.0
4445,5340024,5373.0
4446,5340104,1584.0
4447,5340105,2821.0
4448,5635908,5374.0
4449,5790981,3685.0
4450,5790982,5376.0
4451,5791051,5375.0
4452,5791093,4453.0
4453,5853235,5378.0
4454,5853868,4933.0
4455,5869526,4770.0
4456,5891176,5379.0
4457,5989125,5381.0
4458,5989154,5377.0
4459,5989185,5382.0
4460,5989206,5383.0
4461,5989227,5384.0
4462,5989248,5385.0
4463,5989309,5380.0
4464,6044544,4810.0
4465,6126675,5388.0
4466,6126739,5386.0
4467,6126777,5387.0
4468,6690352,5390.0
4469,6690357,5391.0
4470,6690368,5392.0
4471,6690370,5393.0
4472,6690377,5389.0
4473,6772236,4826.0
4474,6922382,5395.0
4475,6922403,5394.0
4476,7067789,4685.0
4477,7145054,5396.0
4478,7313245,5397.0
4479,7638641,5400.0
4480,7684457,5401.0
4481,7803890,5399.0
4482,7803908,5398.0
4483,7845977,2043.0
4484,8051445,3694.0
4485,8075933,5403.0
4486,8141900,4692.0
4487,8164516,4954.0
4488,8276772,5402.0
4489,8276793,5404.0
4490,8285389,4718.0
4491,8288194,4830.0
4492,8357426,4731.0
4493,8357903,4733.0
4494,8358467,4739.0
4495,8388817,4333.0
4496,8390184,4354.0
4497,8393018,4343.0
4498,8393090,4317.0
4499,8418716,5407.0
4500,8492298,5406.0
4501,8492304,5405.0
4502,8492361,1661.0
4503,8492362,336.0
4504,8492363,4407.0
4505,8492364,3994.0
4506,8492453,908.0
4507,8492454,2503.0
4508,8492456,4004.0
4509,8492458,4051.0
4510,8492459,1435.0
4511,8492460,4023.0
4512,8492461,4039.0
4513,8492462,4104.0
4514,8492463,4364.0
4515,8492464,4484.0
4516,8492465,1754.0
4517,8492466,4476.0
4518,8492467,4450.0
4519,8492469,4089.0
4520,8492470,4481.0
4521,8507738,4720.0
4522,8913838,4886.0
4523,8920685,5408.0
4524,8961465,5410.0
4525,9158090,5409.0
4526,9408463,5412.0
4527,9408480,5413.0
4528,9408493,5411.0
4529,9644595,5414.0
4530,9870452,5415.0
4531,9937639,5416.0
4532,10023214,1508.0
4533,10537783,5418.0
4534,10537784,5419.0
4535,10537800,5417.0
4536,10549878,2073.0
4537,10713371,5422.0
4538,10788641,5420.0
4539,10788664,5421.0
4540,10911659,1946.0
4541,11031725,5423.0
4542,11031750,5424.0
4543,11076843,5426.0
4544,11076854,5425.0
4545,11427727,5427.0
4546,11757809,5428.0
4547,12184973,5429.0
4548,12208387,5430.0
4549,12549831,4937.0
4550,12617824,3291.0
4551,12677614,4852.0
4552,13266084,5431.0
4553,13266117,3293.0
4554,13266118,3656.0
4555,13282832,5432.0
4556,13282834,5435.0
4557,13282835,5436.0
4558,13282836,5437.0
4559,13282837,5438.0
4560,13282838,5439.0
4561,13282839,5440.0
4562,13282840,5441.0
4563,13282841,5442.0
4564,13282842,5443.0
4565,13282843,5444.0
4566,13282844,5446.0
4567,13282845,5448.0
4568,13282846,5450.0
4569,13282847,5451.0
4570,13282848,5452.0
4571,13282850,5453.0
4572,13282851,5454.0
4573,13282852,5456.0
4574,13282855,5459.0
4575,13282856,5460.0
4576,13282857,5461.0
4577,13383537,5462.0
4578,13425423,4931.0
4579,13425569,4910.0
4580,13425756,4805.0
4581,13425757,4796.0
4582,13425759,4788.0
4583,13425764,4800.0
4584,13425768,4802.0
4585,13425770,4795.0
4586,13425776,4793.0
4587,13425782,4798.0
4588,13633011,4943.0
4589,13968592,5463.0
4590,13990483,5464.0
4591,14007919,4311.0
4592,14520034,5465.0
4593,15011627,5466.0
4594,15033099,4694.0
4595,15092409,5467.0
4596,15160144,5469.0
4597,15227219,5468.0
4598,15391353,5470.0
4599,18271380,5471.0
4600,19149984,5473.0
4601,19150005,5472.0
4602,19158644,5474.0
4603,19264940,5476.0
4604,19405412,5475.0
4605,19610401,5477.0
4606,19809370,5478.0
4607,19809376,5479.0
4608,20188614,3711.0
4609,20188615,3721.0
4610,20336874,5481.0
4611,20336956,5480.0
4612,21321900,3670.0
4613,21321901,3708.0
4614,21463655,5482.0
4615,21630428,5483.0
4616,21823071,5484.0
4617,22391434,5487.0
4618,22605700,5488.0
4619,22605717,5486.0
4620,22605746,5485.0
4621,22722231,1917.0
4622,22722419,1920.0
4623,22722592,1919.0
4624,22722669,1918.0
4625,22728646,1944.0
4626,22728815,1927.0
4627,22728941,1914.0
4628,22729041,1936.0
4629,22729408,1940.0
4630,22729478,1935.0
4631,22729529,1949.0
4632,22729596,1941.0
4633,22729687,1943.0
4634,22730335,1937.0
4635,22730545,1930.0
4636,22731694,1950.0
4637,22732417,1921.0
4638,22732448,1925.0
4639,22732904,1929.0
4640,22733428,1926.0
4641,22847755,5489.0
4642,22847775,3560.0
4643,22847782,3549.0
4644,22847784,948.0
4645,22847793,2811.0
4646,22847795,914.0
4647,22847799,3519.0
4648,22879859,5490.0
4649,22902483,4994.0
4650,22902865,5491.0
4651,23073069,5493.0
4652,23073104,5492.0
4653,23073109,2913.0
4654,23133184,4747.0
4655,23284097,5494.0
4656,23295943,5495.0
4657,23311719,5496.0
4658,23719368,5499.0
4659,23757303,5500.0
4660,23761748,5501.0
4661,23789184,5503.0
4662,23789188,5502.0
4663,23853449,4851.0
4664,23928115,5498.0
4665,24186288,5581.0
4666,24186289,5504.0
4667,24186290,5535.0
4668,24186291,5570.0
4669,24186292,5524.0
4670,24186293,5536.0
4671,24186294,5579.0
4672,24186295,5541.0
4673,24186296,5533.0
4674,24186297,5555.0
4675,24186298,5573.0
4676,24186299,5568.0
4677,24186300,5519.0
4678,24186301,5543.0
4679,24186302,5560.0
4680,24186303,5544.0
4681,24186304,5520.0
4682,24186305,5558.0
4683,24186306,5517.0
4684,24186307,5551.0
4685,24186308,5542.0
4686,24186309,5507.0
4687,24186311,5539.0
4688,24186312,5569.0
4689,24186313,5521.0
4690,24186314,5534.0
4691,24186315,5516.0
4692,24186316,5552.0
4693,24186317,5547.0
4694,24186318,5580.0
4695,24186319,5510.0
4696,24186320,5529.0
4697,24186321,5548.0
4698,24186322,5532.0
4699,24186323,5540.0
4700,24186324,5526.0
4701,24186325,5571.0
4702,24186327,5511.0
4703,24186328,5583.0
4704,24186329,5582.0
4705,24186330,5574.0
4706,24186331,5537.0
4707,24186333,5528.0
4708,24186334,5584.0
4709,24186335,5505.0
4710,24186336,5523.0
4711,24186337,5565.0
4712,24186338,5566.0
4713,24186339,5567.0
4714,24186340,5518.0
4715,24186341,5572.0
4716,24186342,5527.0
4717,24186343,5509.0
4718,24186344,5525.0
4719,24186345,5550.0
4720,24186346,5514.0
4721,24186348,5549.0
4722,24186349,5561.0
4723,24186350,5530.0
4724,24186351,5545.0
4725,24186352,5564.0
4726,24186353,5562.0
4727,24186354,5531.0
4728,24186355,5546.0
4729,24186356,5563.0
4730,24186357,5515.0
4731,24186358,5553.0
4732,24186359,5575.0
4733,24186361,5556.0
4734,24186362,5508.0
4735,24186363,5576.0
4736,24186364,5559.0
4737,24186365,5577.0
4738,24186366,5557.0
4739,24186367,5578.0
4740,24186368,5554.0
4741,24186369,5506.0
4742,24186370,5522.0
4743,24186371,5513.0
4744,24186372,5538.0
4745,24186373,5512.0
4746,24253924,5587.0
4747,24378681,5586.0
4748,24378808,5585.0
4749,24457144,5593.0
4750,24569311,5591.0
4751,24569360,5589.0
4752,24569373,5590.0
4753,24569389,5592.0
4754,24569394,5588.0
4755,24569403,5594.0
4756,24635271,5596.0
4757,24732443,5597.0
4758,24732533,5595.0
4759,24957498,5598.0
4760,25076688,5606.0
4761,25106288,5603.0
4762,25247388,5600.0
4763,25247408,5607.0
4764,25247413,5602.0
4765,25247423,5610.0
4766,25247482,5605.0
4767,25247579,5608.0
4768,25247596,5604.0
4769,25247613,5609.0
4770,25247677,5612.0
4771,25247754,5601.0
4772,25247794,5599.0
4773,25533953,5613.0
4774,25533958,5614.0
4775,25533974,5615.0
4776,25533984,5616.0
4777,25740078,5618.0
4778,25777871,5619.0
4779,25873022,5623.0
4780,25952204,5622.0
4781,25952209,5620.0
4782,25952226,5617.0
4783,25952258,5621.0
4784,26029861,5626.0
4785,26141256,5624.0
4786,26141273,5625.0
4787,26399929,5628.0
4788,26438296,5629.0
4789,26450983,4290.0
4790,26560737,1897.0
4791,26652040,5632.0
4792,26652052,5633.0
4793,26652062,5631.0
4794,26652102,5634.0
4795,26652122,5627.0
4796,26652153,5630.0
4797,26652175,5635.0
4798,26652196,5636.0
4799,26718043,5638.0
4800,26768688,5641.0
4801,26806394,5640.0
4802,26809251,5642.0
4803,26894469,5637.0
4804,26894531,5639.0
4805,26999398,5643.0
4806,27117393,5645.0
4807,27117405,5644.0
4808,27117417,5646.0
4809,27459054,5647.0
4810,27710661,5648.0
4811,27741008,5650.0
4812,27878494,5649.0
4813,28020600,5654.0
4814,28096327,5651.0
4815,28096358,5652.0
4816,28096369,5653.0
4817,28301110,5655.0
4818,28301267,2860.0
4819,28354774,5660.0
4820,28481448,5659.0
4821,28481489,5657.0
4822,28481505,5656.0
4823,28481675,5658.0
4824,28600343,5662.0
4825,28600380,5663.0
4826,28600381,5664.0
4827,28600382,5661.0
4828,28600464,5665.0
4829,28600545,5666.0
4830,28600547,5667.0
4831,28600569,5668.0
4832,28786413,5669.0
4833,28790865,5671.0
4834,28822600,5675.0
4835,28831322,5674.0
4836,28831339,4988.0
4837,28870199,5676.0
4838,28894482,4917.0
4839,28961355,5672.0
4840,28961365,5673.0
4841,28961388,5670.0
4842,28997335,4814.0
4843,29128058,5678.0
4844,29128081,5677.0
4845,29350478,5679.0
4846,29515603,5680.0
4847,29515612,338.0
4848,30116303,1438.0
4849,30116304,928.0
4850,30116305,3507.0
4851,30116306,1423.0
4852,30116307,1510.0
4853,30136502,4993.0
4854,30142485,5681.0
4855,30342547,4393.0
4856,30595297,4867.0
4857,30595298,4841.0
4858,30595299,4840.0
4859,30595300,4897.0
4860,30810802,5682.0
4861,31426455,5684.0
4862,31491984,5683.0
4863,31668813,4786.0
4864,31689981,5685.0
4865,31840486,5686.0
4866,31883501,4936.0
4867,32894994,5687.0
4868,32895031,5688.0
4869,33030173,5689.0
4870,33805877,4972.0
4871,34149702,5690.0
4872,34198202,878.0
4873,34199027,4893.0
4874,34199584,3824.0
4875,34199815,3906.0
4876,34202851,327.0
4877,34204211,4890.0
4878,34385051,5691.0
4879,34753025,5692.0
4880,34918230,5693.0
4881,34930999,3269.0
4882,35914730,5694.0
4883,36078817,5695.0
4884,36154252,4920.0
4885,36266695,4965.0
4886,36415907,4845.0
4887,36416623,5696.0
4888,36960034,5698.0
4889,37021263,5699.0
4890,37106529,5697.0
4891,37741785,5700.0
4892,38183993,5701.0
4893,38704149,5702.0
4894,38956419,5703.0
4895,39067658,5704.0
4896,39885101,5743.0
4897,39902524,5717.0
4898,39906291,5729.0
4899,39906293,5705.0
4900,39906294,5706.0
4901,39906295,5732.0
4902,39906296,5733.0
4903,39906297,5734.0
4904,39906298,5709.0
4905,39906299,5735.0
4906,39906301,5738.0
4907,39906302,5712.0
4908,39906303,5713.0
4909,39906304,5739.0
4910,39906305,5714.0
4911,39906306,5740.0
4912,39906307,5741.0
4913,39906308,5716.0
4914,39906309,5742.0
4915,39906312,5720.0
4916,39906313,5721.0
4917,39906314,5722.0
4918,39906315,5723.0
4919,39906316,5724.0
4920,39906317,5725.0
4921,39906318,5726.0
4922,39906319,5727.0
4923,39906320,5728.0
4924,40243717,5745.0
4925,40243726,5744.0
4926,40343346,5746.0
4927,40455140,4892.0
4928,40458054,5747.0
4929,40829127,5748.0
4930,42018078,5749.0
4931,42278364,3893.0
4932,42504051,1948.0
4933,42769238,5752.0
4934,42769364,5751.0
4935,42769365,5750.0
4936,42868360,5779.0
4937,42868477,5780.0
4938,42882789,5781.0
4939,42882792,5782.0
4940,42882795,5783.0
4941,42882798,5784.0
4942,42882801,5785.0
4943,42882804,5786.0
4944,42882807,5787.0
4945,42882811,5788.0
4946,42882814,5789.0
4947,42882817,5790.0
4948,42882820,5791.0
4949,42882823,5792.0
4950,42882826,5793.0
4951,42882829,5794.0
4952,42882833,5795.0
4953,42882836,5796.0
4954,42882840,5797.0
4955,42882843,5798.0
4956,42882846,5799.0
4957,42882849,5800.0
4958,42882852,5801.0
4959,42882855,5802.0
4960,42882858,5803.0
4961,42882861,5804.0
4962,42882864,5805.0
4963,42882867,5806.0
4964,42882870,5807.0
4965,42882873,5808.0
4966,42882876,5809.0
4967,42882879,5810.0
4968,42882882,5811.0
4969,42882885,5812.0
4970,42882888,5813.0
4971,42882891,5814.0
4972,42952972,5761.0
4973,42953017,5762.0
4974,42953018,5753.0
4975,42953041,5754.0
4976,42953042,5765.0
4977,42953043,5766.0
4978,42953086,5767.0
4979,42953129,5757.0
4980,42953170,5758.0
4981,42953212,5759.0
4982,42953213,5769.0
4983,42953214,5760.0
4984,42953216,5770.0
4985,42953217,5771.0
4986,42953218,5773.0
4987,42953219,5774.0
4988,42953220,5775.0
4989,42953221,5776.0
4990,42963329,5853.0
4991,43026902,5879.0
4992,43029341,5887.0
4993,43029344,5874.0
4994,43029347,5888.0
4995,43029350,5889.0
4996,43029353,5862.0
4997,43029356,5890.0
4998,43029362,5866.0
4999,43029365,5824.0
5000,43029369,5826.0
5001,43029372,5848.0
5002,43029375,5849.0
5003,43029378,5891.0
5004,43029383,5875.0
5005,43029386,5861.0
5006,43029389,5845.0
5007,43029392,5829.0
5008,43029395,5881.0
5009,43029399,5869.0
5010,43029403,5822.0
5011,43029408,5876.0
5012,43029411,5872.0
5013,43029414,5863.0
5014,43029418,5877.0
5015,43029421,5825.0
5016,43029424,5823.0
5017,43029427,5865.0
5018,43029430,5867.0
5019,43029433,5878.0
5020,43029436,5892.0
5021,43029439,5880.0
5022,43029443,5831.0
5023,43029446,5868.0
5024,43029449,5860.0
5025,43029452,5882.0
5026,43029455,5846.0
5027,43029458,5883.0
5028,43029461,5884.0
5029,43029465,5854.0
5030,43029468,5847.0
5031,43029471,5885.0
5032,43029474,5886.0
5033,43029477,5864.0
5034,43029480,5858.0
5035,43029483,5819.0
5036,43029486,5859.0
5037,43029490,5840.0
5038,43029494,5841.0
5039,43029497,5833.0
5040,43029500,5852.0
5041,43029504,5873.0
5042,43029507,5821.0
5043,43029510,5842.0
5044,43029513,5843.0
5045,43029516,5856.0
5046,43029520,5844.0
5047,43029523,5838.0
5048,43029526,5857.0
5049,43029530,5870.0
5050,43029534,5827.0
5051,43029537,5850.0
5052,43029540,5855.0
5053,43029543,5834.0
5054,43029547,5830.0
5055,43029550,5832.0
5056,43029554,5836.0
5057,43029557,5837.0
5058,43029560,5851.0
5059,43029563,5835.0
5060,43029567,5818.0
5061,43029571,5871.0
5062,43029574,5828.0
5063,43029577,5839.0
5064,43029581,5820.0
5065,43029584,5815.0
5066,43029587,5816.0
5067,43029590,5817.0
5068,43089486,5764.0
5069,43219703,5893.0
5070,43219704,5894.0
5071,43486396,5895.0
5072,43842770,5896.0
5073,44409059,4951.0
5074,44560529,5897.0
5075,44560530,5898.0
5076,44567542,5899.0
5077,44863075,5901.0
5078,44950247,5900.0
5079,45398941,4974.0
5080,45398944,4946.0
5081,45540728,5902.0
5082,45917616,5903.0
5083,45917641,5904.0
5084,46192439,350.0
5085,46532842,5907.0
5086,46556007,5908.0
5087,46642505,5763.0
5088,46647046,5909.0
5089,46703659,5932.0
5090,46703660,5913.0
5091,46703724,5914.0
5092,46703784,5915.0
5093,46703785,5916.0
5094,46703789,5917.0
5095,46703790,5918.0
5096,46703791,5919.0
5097,46703855,5920.0
5098,46703919,5921.0
5099,46703920,5922.0
5100,46703922,5923.0
5101,46703924,5924.0
5102,46703926,5925.0
5103,46703927,5926.0
5104,46703928,5911.0
5105,46703929,5912.0
5106,46703930,5927.0
5107,46703931,5928.0
5108,46703932,5929.0
5109,46703933,5930.0
5110,46703935,5931.0
5111,47009230,4970.0
